id,subscribe
25453,no
16750,no
6235,no
20804,no
6673,no
33259,yes
37825,no
2948,no
13680,no
10691,no
33268,no
654,yes
5802,no
25486,no
28788,yes
34270,no
19574,yes
20290,no
37010,no
10452,no
2161,no
36081,no
34003,no
9641,no
24002,no
28525,no
24633,yes
35550,yes
28213,yes
15427,no
41590,no
6291,no
40799,no
12373,yes
27086,no
26224,no
30944,no
5312,no
42369,no
35374,no
39174,no
19272,yes
31406,yes
6431,no
30627,yes
29381,no
31391,no
8119,no
15651,no
17812,no
7142,no
10058,no
2332,no
10731,yes
25773,no
29029,no
23209,yes
31421,no
13558,no
7513,no
35201,yes
11600,yes
17864,yes
38410,yes
388,no
25337,no
38090,no
30284,no
5097,no
10404,no
8984,no
16177,yes
3118,no
35894,no
33491,no
20610,no
16244,no
37204,no
21982,yes
34867,no
11354,no
21886,no
15919,no
14910,no
14193,no
28718,no
25272,yes
18429,no
9606,no
9929,yes
10833,no
14456,no
15726,yes
26650,yes
3914,no
4863,no
37786,no
3693,no
12719,no
21679,no
37024,no
16478,no
37765,no
31007,yes
37814,yes
21413,no
36428,no
14823,no
22094,no
19736,no
16257,yes
32249,no
13718,yes
24836,yes
40768,no
26046,no
4363,no
26022,no
4143,no
3065,no
10224,no
23807,no
28743,no
35234,no
34108,yes
39799,no
15889,no
35680,no
29026,no
30578,no
11526,no
27430,no
20200,no
12748,no
31930,no
8207,no
17392,no
37531,no
19758,no
9530,no
24393,no
35185,no
19055,no
14642,no
20920,no
13814,no
13431,no
38510,no
20299,no
31323,no
1199,yes
30208,no
38091,yes
13548,no
16617,no
34926,no
39275,no
8387,no
22281,yes
2468,yes
21689,no
4358,yes
4888,no
25126,no
8107,no
16994,no
9644,yes
27322,no
30082,yes
29686,no
39682,no
22324,no
19119,yes
33238,yes
36401,no
38753,no
21048,no
11735,no
21939,no
2129,no
20694,no
13599,no
30295,yes
10932,no
3850,yes
30729,no
11201,no
8911,yes
6226,no
32393,no
38158,no
39594,no
29539,no
32948,no
38879,no
23885,no
29397,no
20209,yes
21621,yes
23659,no
35782,no
37789,no
4309,no
25791,no
36319,yes
41278,no
24695,no
34298,yes
17037,yes
37308,no
42195,no
4770,yes
26537,no
15113,no
2107,no
12041,no
36362,yes
25054,no
14061,yes
6932,no
27349,no
23037,no
9507,yes
4673,no
4267,yes
5150,no
4209,no
16100,no
7774,no
41852,no
41106,no
23422,no
14113,no
10702,no
28749,no
40192,no
2023,no
39684,no
886,no
19541,yes
25886,no
38832,no
41314,yes
41938,no
31534,no
8986,yes
3744,no
9800,no
36063,no
10720,no
30013,no
38327,no
33468,no
18376,no
41134,no
41472,no
13421,yes
12364,yes
29264,no
15095,no
26894,no
29163,no
20900,no
21535,no
38341,yes
36475,yes
20728,no
27464,no
21555,no
36597,no
15517,no
3158,yes
36065,no
32166,no
20612,yes
36645,no
6319,no
26730,no
5438,yes
41830,no
13724,no
34783,no
2187,no
24648,yes
7495,no
28549,yes
24756,no
28328,yes
24728,no
26790,no
36939,yes
5854,yes
7432,yes
19542,no
40322,no
16579,no
16026,no
24449,yes
18714,no
6715,no
7316,no
5105,no
3349,no
40795,no
24376,no
19563,no
4208,no
17390,yes
15514,no
38449,no
7782,no
17048,yes
3523,no
13133,no
25152,no
23822,no
38419,yes
27075,no
41209,no
11983,no
8681,no
41086,no
18099,yes
31964,no
39079,no
39306,no
2299,yes
34048,no
3306,no
31637,no
40928,no
30942,yes
1157,no
236,no
37079,no
9395,yes
11017,no
2780,yes
42208,no
8322,no
14819,no
21659,no
7724,no
37684,no
38446,no
14686,no
30937,no
18229,no
1686,no
4416,no
6424,no
28699,no
18886,no
34487,no
35953,no
674,no
28410,no
40173,yes
14044,no
19103,no
15634,no
35764,no
2910,no
1469,yes
1996,no
10405,no
18441,no
5562,no
5284,no
13761,no
22754,no
39933,no
38670,yes
11258,no
34220,no
39942,no
34219,yes
12645,no
7962,yes
26898,no
16291,yes
22975,no
8764,no
36151,no
13202,no
12521,no
20915,no
33031,yes
41506,yes
42228,no
32473,no
17715,no
27963,yes
34862,no
4899,yes
7596,no
6939,no
20065,no
12877,no
4351,no
18575,no
12509,no
8748,no
25053,no
40079,yes
10511,no
10250,no
15826,no
18257,no
29880,no
22587,no
11091,no
19048,no
10329,no
3717,yes
8718,no
32145,no
2590,no
40732,no
10976,no
411,no
28331,no
18653,no
29747,no
27673,no
7076,no
29024,yes
27975,no
1959,no
4372,no
17294,no
37288,no
5012,yes
39846,yes
20154,no
14013,no
39535,no
16045,no
19843,no
36303,no
33692,no
11965,no
13813,no
24884,no
14864,no
36554,no
30751,yes
40398,no
36519,no
8111,no
23997,no
16307,no
4736,no
7423,no
7189,no
38292,no
38846,no
15539,yes
34804,yes
26205,yes
24618,no
3743,no
20186,no
32939,yes
8298,no
39525,yes
25932,no
20654,no
14157,no
16832,no
25362,yes
38096,yes
35616,no
25775,no
37015,yes
40614,yes
28442,no
36038,yes
17938,no
4107,yes
27253,no
20619,no
25080,no
24959,yes
2074,no
21461,yes
23533,no
38021,no
6185,no
25069,no
20570,no
16803,yes
41373,no
12169,yes
2435,no
11250,no
33102,no
39550,yes
27392,no
3288,yes
17961,no
39626,no
3795,yes
27011,no
34643,no
36857,no
12901,no
34731,no
14416,no
23640,no
2113,yes
32963,no
18355,yes
10678,no
32654,no
15680,yes
14411,yes
17590,yes
35156,no
20865,no
33365,no
17338,no
24999,no
23192,no
1042,no
14498,no
23963,no
34157,yes
26635,no
2130,yes
8188,no
9981,no
40998,no
36041,yes
33887,no
36034,no
7297,no
10959,no
11410,yes
12512,no
30277,yes
20137,yes
8307,no
37105,no
14076,no
34881,yes
35879,no
33646,no
36036,no
36008,no
16355,yes
1188,no
34521,no
39634,no
34445,no
34444,no
30645,no
19400,no
36380,no
21824,no
17656,yes
21777,yes
37832,yes
20314,no
25428,no
33994,no
8015,no
2989,no
35241,no
18813,no
6851,no
39465,no
29785,no
22982,no
19550,no
12493,no
21198,no
34064,no
22337,no
5162,no
41479,no
29867,yes
1120,no
35658,no
15956,no
34829,no
38948,no
27950,no
13928,no
9715,no
17393,no
14293,no
32243,no
1871,yes
28344,no
14176,no
40094,no
18654,yes
22256,no
39030,yes
31192,no
26233,yes
30364,no
31103,no
15057,no
28439,yes
33381,yes
23903,no
35187,no
22867,no
5360,no
20521,yes
23540,no
20876,no
25227,no
36816,no
27191,no
11629,no
12647,no
3370,yes
6421,no
1621,no
621,no
16375,no
7429,no
9856,yes
42095,no
3456,no
32109,no
20159,no
14217,no
17339,yes
36993,yes
25400,no
23931,yes
13689,yes
1961,yes
21981,no
10459,no
5969,no
7111,no
14062,yes
33295,no
35887,no
13685,no
19576,no
21321,no
9787,no
42108,no
22607,no
27946,no
8281,no
10677,no
8726,no
37209,no
41514,no
3018,yes
29457,no
38427,no
6666,yes
34930,no
37850,no
14461,no
39087,yes
23972,yes
29863,yes
20017,no
23643,no
19801,yes
19982,no
40943,no
24662,no
33119,yes
36051,no
2548,yes
25574,no
28745,no
15527,no
12248,no
22625,no
5828,no
3263,no
39651,no
12147,yes
8182,no
28228,no
5723,no
23992,no
19646,yes
31934,no
25472,yes
40001,no
5520,no
15340,no
15303,no
22992,no
7518,no
26948,yes
40456,no
30799,no
28830,no
17232,no
27679,no
25634,yes
28781,no
24850,no
7650,no
464,no
27988,no
37911,no
13221,yes
28737,no
10090,no
16132,no
36148,no
24213,no
3153,yes
37190,no
11094,yes
41018,no
4652,no
20106,yes
16495,no
3822,yes
42122,yes
37269,no
21832,yes
31141,no
41972,yes
24694,no
32875,no
2605,no
31425,yes
3309,no
8982,yes
24501,no
8388,no
22252,no
40866,no
5491,no
5321,no
11901,no
12757,yes
17395,no
9170,yes
8438,no
28884,no
3728,no
25022,no
18212,no
2249,no
32065,no
34787,yes
14528,no
26784,yes
18301,yes
34036,yes
15483,no
3340,no
30354,no
41431,yes
4179,no
40299,no
10966,yes
23275,yes
32096,no
32756,no
25258,no
4713,no
21436,no
19509,no
5816,no
7246,yes
28065,no
331,no
21396,no
24077,yes
31248,no
14799,no
34498,yes
14816,no
228,no
19035,no
28251,no
31170,no
2208,yes
16662,no
21491,no
14598,no
23491,no
33436,yes
8585,yes
26936,no
11390,no
2048,no
4877,no
28080,no
26121,no
13974,yes
23231,yes
31998,no
32262,no
11205,no
29236,no
341,no
31287,no
4043,no
25955,no
11992,no
39295,no
25784,no
11045,no
28263,no
11452,yes
17168,no
20668,yes
30254,no
20973,no
22018,no
39761,no
9527,yes
1653,yes
31369,no
42084,no
6756,no
21801,no
21568,no
3302,no
27093,no
1029,no
14795,yes
41955,yes
31306,yes
12713,no
21519,no
288,yes
42224,no
22797,no
36464,no
7672,no
29783,no
35021,no
37711,yes
7562,no
4984,no
2715,no
30579,no
41067,no
21076,no
942,no
20555,no
13791,no
17631,no
42220,no
31111,no
15838,no
30630,no
8804,no
9975,no
5296,yes
21134,no
14970,no
40111,no
3503,no
13716,no
36138,no
15284,yes
36238,yes
40127,yes
22599,no
2106,no
40759,no
31595,no
10127,no
9819,no
29786,no
32803,no
40312,no
24757,yes
34891,no
38363,yes
17819,no
27859,no
33369,yes
16920,no
6767,no
23605,no
40477,no
28948,no
19133,yes
23115,no
27455,no
36455,no
16578,no
27343,no
12496,no
18788,no
40516,no
39697,no
25882,no
22721,no
2535,no
30552,no
30401,yes
11881,no
34661,yes
27316,no
40047,yes
19115,no
8838,no
24542,no
17027,no
22575,no
9407,no
15135,no
38043,no
39298,no
7230,no
32213,no
29803,no
1290,no
7485,no
3477,no
34358,yes
14791,no
12579,yes
19585,no
15837,no
29567,yes
42159,no
9337,no
40706,no
10038,yes
26530,no
27471,no
19976,no
15535,no
6404,no
36524,no
27724,no
13859,no
30004,no
34509,no
20627,no
3131,no
24965,no
39389,no
5950,no
12824,yes
22678,no
22365,no
32929,yes
15320,no
39285,no
22450,no
26295,no
20729,no
10992,no
38460,yes
12273,no
31827,no
28405,no
2598,no
22573,no
6435,no
39663,yes
10592,no
15219,no
20116,no
38065,no
9588,no
11643,no
35907,no
28727,no
4499,no
27698,no
33005,no
3910,no
17233,no
23829,yes
13789,yes
36157,no
11918,yes
39744,no
12532,no
3427,no
14100,no
26738,no
20279,no
16137,no
22618,yes
4944,yes
40086,no
33235,no
95,no
12477,no
9712,no
29599,yes
36091,no
26795,no
10457,no
25434,no
26311,yes
21804,no
7435,no
1695,no
36168,yes
11290,yes
26744,no
25971,no
5681,no
40273,no
8944,no
3544,no
7096,no
28862,no
17507,no
39956,no
319,no
12182,no
22085,no
10751,no
8087,no
33854,no
11070,no
8925,no
37490,no
40552,no
27648,no
6099,no
14170,no
22211,no
20267,no
29,no
27819,no
19573,no
20359,no
2774,yes
27095,no
27411,yes
6483,no
29931,no
4955,no
1584,no
32077,yes
30969,no
9116,no
6264,no
18603,no
26465,no
41300,no
10315,no
16208,no
19839,no
30587,yes
26221,no
24257,yes
26860,no
284,no
12121,no
5042,no
2040,no
6035,yes
11344,no
12023,yes
33166,yes
27608,no
31809,yes
5546,no
24252,no
11475,no
12170,no
39104,yes
38898,yes
10977,no
17611,no
38854,no
27104,yes
8006,no
2098,no
21706,no
4795,no
32437,no
32961,no
37996,no
32091,no
22230,no
7065,no
23315,no
18020,no
11169,no
27220,no
22161,no
25834,no
2134,no
18412,no
34912,no
32444,no
8225,yes
36167,no
37045,yes
14432,no
38487,no
5422,no
34800,no
29398,no
35993,no
15347,no
37602,no
35935,no
31971,no
22017,yes
5016,yes
9924,no
9542,no
18022,no
15342,no
21588,yes
21443,no
28633,no
28968,no
10503,no
22893,no
362,no
9315,no
32079,no
5849,no
40378,yes
17341,no
595,no
39271,no
29351,no
3898,no
20126,yes
17255,no
206,no
3692,no
7136,yes
709,yes
26157,no
32421,no
21933,no
9437,no
8560,yes
35487,yes
11689,no
10272,no
37738,no
28651,yes
5153,no
28008,no
32549,no
24943,no
1547,no
23010,no
2188,no
14513,no
21728,no
22980,no
41246,no
8535,no
31734,no
41731,no
37365,no
23356,no
33443,no
15070,no
41708,no
10499,no
25191,no
24997,no
34609,no
38549,no
16489,no
34019,no
32843,no
13564,no
29078,no
7984,no
18177,no
16585,no
32161,no
21582,no
15031,no
8989,no
34754,no
18134,no
9756,no
6485,yes
35875,no
6556,yes
20331,no
3304,no
21795,yes
6642,no
15206,no
12756,no
23276,no
27195,no
21257,no
5329,no
30763,no
35075,no
16250,no
6985,no
40638,no
30839,no
41283,yes
4214,yes
27694,no
33182,no
38610,no
2849,no
23114,yes
7635,no
3113,no
42119,no
4980,no
14637,no
35043,yes
9065,no
12224,no
4091,yes
39987,no
30426,no
36769,no
39935,no
33992,no
9904,no
12467,no
37257,no
42263,no
16697,no
2645,no
30899,no
38122,no
22479,yes
20225,no
34746,no
22366,no
8731,no
23584,no
24260,no
36482,no
19815,yes
22520,yes
30421,no
23830,yes
2157,no
17051,no
41362,no
38409,no
9216,no
5,no
36998,yes
11878,yes
9197,no
15845,no
515,no
32749,no
9055,no
25076,no
20845,yes
42191,no
24634,no
16967,no
1817,yes
2206,no
24279,no
31048,no
12545,no
35448,no
28061,no
13169,yes
13747,no
120,yes
31603,no
11634,no
8446,no
26490,no
15830,no
11117,no
9941,no
14603,no
40620,no
4403,no
17887,no
36324,no
12839,yes
32823,no
24590,yes
1433,no
30820,no
10352,no
20352,no
2476,no
16706,yes
40080,no
4076,no
19660,no
7627,no
31903,no
32278,no
13639,no
7690,yes
26003,yes
11058,no
40776,no
36150,yes
23095,no
30264,no
19161,no
17769,no
31238,no
20850,no
8104,no
1773,no
32228,no
11099,no
37476,yes
1214,no
24067,yes
29322,no
42447,no
37213,no
18143,no
40663,no
23291,no
19945,no
25957,yes
979,no
29174,yes
20670,no
26879,yes
3453,yes
10386,yes
31753,no
7772,no
1343,no
16903,yes
13636,yes
2741,no
38057,no
26937,no
18277,no
23818,no
35861,no
23522,no
33363,no
316,no
5932,yes
18436,no
42242,no
26587,no
22100,no
20856,no
16892,no
1779,no
5544,no
1103,no
26683,no
13630,no
28424,no
20489,no
22782,no
41165,no
26866,no
8128,no
10675,yes
38606,no
22589,no
20741,yes
1675,no
36983,no
17039,yes
25473,yes
38501,no
22988,no
23535,no
5859,no
24586,no
34283,no
36068,yes
12483,no
30620,no
28507,no
42229,no
36777,yes
23401,no
37929,no
24130,yes
17009,no
2761,yes
18617,no
42024,yes
265,no
1804,no
9604,no
9656,no
32956,no
19892,no
30317,no
37344,yes
13362,no
39717,no
1257,no
28209,no
26830,no
6507,no
10984,yes
33937,no
15108,no
6790,yes
26327,no
5845,no
28372,no
26332,no
35975,yes
21707,yes
7520,no
21212,no
30897,no
3953,no
11800,no
26969,no
32186,no
3598,no
26563,no
27370,no
30877,no
19189,no
38216,no
38972,no
10460,no
41469,yes
24015,no
4266,yes
16586,no
24272,no
30726,yes
37965,no
5581,yes
951,no
5206,no
27820,no
13022,no
42363,no
2560,no
24746,no
7330,yes
27718,no
18911,no
7626,no
33450,no
16044,no
1968,yes
32538,no
5908,yes
28180,yes
35024,no
4689,no
38127,no
31938,no
35395,no
15654,no
14255,no
466,no
6060,yes
37992,no
31440,no
6361,yes
25248,no
2520,no
31256,no
1560,no
5821,no
10215,no
13157,no
6171,no
3660,no
373,no
11738,no
11127,no
32374,yes
39010,yes
29216,no
2676,yes
8287,no
22833,no
16311,yes
4397,yes
29465,no
36531,no
24109,no
13702,no
33576,no
16292,no
19369,no
21336,yes
13420,no
3165,no
23670,no
26655,no
33512,no
30351,yes
16170,no
20576,no
1080,no
3403,no
6002,yes
33424,no
24246,no
28858,yes
11393,no
30898,no
39986,no
2826,no
33735,no
39508,yes
39236,no
33154,no
21279,no
32021,no
26716,no
39450,no
18905,no
22780,no
27595,no
29220,no
10578,yes
8458,no
10842,yes
16862,no
18557,no
11929,no
6336,no
34006,no
40945,no
21177,no
34616,no
334,no
34961,no
7600,no
23132,no
10139,no
42252,no
34777,yes
28539,yes
17280,yes
26106,yes
1793,no
22342,no
8830,no
41078,no
29753,yes
29299,no
39560,yes
12501,no
7780,no
28913,yes
2408,no
2405,no
28772,no
4778,no
37871,no
3857,no
22106,no
15376,yes
30283,no
23933,no
34073,yes
8200,no
27736,no
14622,no
36377,no
24938,no
20967,no
18552,no
32110,no
27714,yes
7298,no
20297,yes
31031,no
37724,no
39593,yes
13415,no
1238,yes
41677,no
7368,no
15904,no
19419,no
21189,no
7804,no
37804,no
24000,no
20444,no
30414,no
34955,no
6501,no
2301,no
41666,no
3871,yes
18721,no
5815,no
5823,yes
34493,yes
33481,no
9059,no
15861,no
19368,yes
29869,no
6530,no
13795,no
21579,no
28906,no
1159,no
4885,no
9037,yes
27526,no
9539,no
32960,no
1166,no
35178,no
11324,no
19570,no
26622,yes
42368,no
4160,yes
3096,no
41634,no
30504,yes
37173,no
4216,no
38677,no
41998,yes
28296,no
6082,no
1883,yes
10270,no
327,no
33384,no
10704,yes
11165,no
33199,no
1361,no
15572,no
20349,yes
35148,no
24758,no
4419,no
38035,no
27563,no
36066,yes
29527,no
548,no
41218,no
26305,no
3299,no
15486,no
8805,no
34984,no
24443,no
35631,no
35524,no
36234,no
42349,yes
36671,no
13905,no
37249,no
12838,no
10703,yes
23973,yes
7369,no
8185,no
37695,yes
28983,no
29784,yes
5059,yes
41971,no
19365,no
13538,yes
37418,no
13468,yes
13409,no
484,no
1820,no
4501,no
25646,yes
9890,no
36544,no
9701,no
36300,no
41832,yes
40533,no
12557,no
7250,no
2217,yes
4914,no
37284,no
25741,no
39753,no
25905,no
5415,no
21527,no
23187,no
21494,no
38865,no
34977,no
9730,no
39478,no
22051,no
24512,yes
39877,yes
14850,yes
31284,yes
26264,no
8927,no
38024,no
38664,no
30428,no
13848,no
37372,yes
28947,no
24993,no
12390,yes
23969,no
19788,yes
1990,yes
19132,no
6105,no
9754,no
6729,no
38800,no
15307,no
12657,no
19913,no
27986,no
32003,no
40355,no
27275,no
30480,yes
27060,yes
5923,no
17756,no
23326,no
5222,no
4064,no
36564,no
20768,no
31757,no
34490,no
21170,no
40083,no
38680,no
21005,no
16263,no
25305,no
24379,yes
33146,no
2753,no
32750,no
8753,yes
26759,no
22829,no
6635,no
41508,yes
33944,no
27734,yes
2163,no
25711,no
34040,yes
32256,no
14012,no
33628,no
10630,no
7976,no
29422,yes
21382,no
14857,no
10453,yes
25111,yes
27991,no
12051,no
14094,no
36448,no
545,no
35046,no
6343,yes
11685,no
24412,no
25125,no
11489,no
5623,no
5793,yes
17537,no
21376,no
25002,no
16823,no
28357,no
2817,no
19343,no
5332,no
5032,no
1479,yes
34736,no
32394,no
42468,yes
32123,no
17632,no
26079,yes
32618,no
7758,no
7157,no
2457,no
7786,no
38191,no
4367,no
39752,no
34828,no
12470,no
4019,no
34730,no
6750,no
10184,no
31508,no
15722,no
13924,no
30760,no
19002,no
32149,no
13149,no
23256,no
19234,no
6137,yes
18572,no
19676,yes
28143,no
21664,no
24194,no
9842,no
19496,no
26359,no
6195,no
28560,no
25463,no
2138,yes
16660,no
17450,no
31609,no
14730,no
31996,no
23345,yes
38183,no
14121,yes
8022,no
40745,no
6627,no
29859,no
14394,no
30826,no
9517,yes
38818,no
26856,no
17102,yes
36006,yes
27543,no
3684,no
4609,yes
6981,no
22198,no
25146,no
4067,no
10562,no
16537,no
10502,no
3802,no
35003,no
23663,no
23691,no
1929,yes
27935,no
17924,no
15439,no
28826,yes
22685,no
20199,yes
3310,no
29440,no
30470,no
26634,no
11513,no
6117,yes
15702,no
30085,no
2076,yes
30309,no
31107,no
25327,no
26525,no
12922,no
7854,no
29960,yes
36170,yes
15851,no
37847,no
2148,no
32418,no
15128,yes
34018,no
28654,no
22208,no
23137,yes
5136,no
3673,no
32862,no
18078,no
39607,no
19949,no
17585,no
30270,no
28028,yes
8717,no
42358,no
6641,yes
3551,no
8223,yes
39660,yes
27976,no
19067,no
41747,yes
2443,no
14496,no
6671,no
30445,yes
795,yes
37609,no
9498,no
31313,yes
25189,no
11759,no
11026,no
31932,no
4280,no
35845,no
40639,no
31947,no
10662,no
15311,no
14001,no
19247,no
28950,no
3679,no
36609,no
24326,no
17605,no
10307,no
20259,yes
14913,no
628,no
4428,no
7008,no
21080,no
23226,no
12909,yes
27296,no
17746,no
16079,no
27711,no
41833,no
10692,no
11065,no
40166,no
10827,no
7290,no
20080,no
27118,no
15920,no
32923,no
33167,no
11104,no
41849,no
2759,yes
20997,no
18387,no
18924,no
7767,no
31813,no
35277,no
4643,no
25934,no
30582,yes
37624,yes
42455,no
27434,no
6381,yes
13889,no
22455,yes
5340,yes
38675,yes
15699,no
11796,no
29084,yes
18923,no
42428,yes
39708,no
6172,no
29032,no
20370,no
10084,no
10057,yes
12408,yes
10411,no
16689,no
8409,no
41523,no
1520,yes
40296,no
7347,no
11334,no
2229,no
31420,no
20743,no
5893,no
29015,no
7155,no
20514,no
4572,no
30045,no
6465,no
10852,no
2192,no
30527,no
17771,no
29769,yes
23269,no
20319,no
39140,no
8361,no
6150,yes
23381,yes
1841,no
19840,yes
30996,no
9418,no
9687,no
9328,no
1352,no
5250,yes
41343,no
1255,no
2769,yes
12603,no
10666,no
5906,no
22043,no
11332,no
5902,no
30186,no
30892,yes
4768,yes
18990,no
14437,no
22152,no
13266,no
19943,no
12252,yes
41818,no
19833,no
34293,yes
4268,yes
15063,no
23274,yes
26931,yes
39000,yes
33341,no
14894,no
27855,no
14190,no
18503,no
11544,yes
40016,no
31006,no
583,no
37611,no
11487,no
31853,no
13937,yes
18348,no
15422,no
11891,no
11657,no
12176,no
27553,yes
14653,no
3045,no
6028,yes
22874,no
8165,yes
4318,yes
31311,yes
19381,yes
29298,no
19325,yes
17195,no
2737,no
38509,yes
2104,no
18582,no
32635,no
10971,yes
29094,no
26387,no
731,no
11233,no
12192,no
41893,no
5185,no
9426,no
19902,no
28514,no
21558,yes
1934,no
3327,yes
40092,no
15225,no
2259,no
16034,no
14004,no
27053,no
23057,no
12403,no
30741,no
42230,yes
32222,no
10490,no
26560,no
41903,no
5513,no
33091,no
36537,no
42351,yes
3670,no
11194,no
36809,no
40824,yes
20232,no
11843,no
11049,no
20340,no
24623,no
28395,no
29240,no
6895,yes
8000,yes
16512,no
3315,no
20398,no
21315,no
35092,no
4595,no
22774,no
2968,yes
6071,no
7190,no
36680,no
22951,no
9645,yes
5134,no
35144,no
10602,no
33097,no
24017,yes
29892,no
76,no
41727,no
3311,yes
10553,no
5518,no
39876,no
9260,no
11897,no
42218,no
10584,yes
28920,no
31366,no
2132,no
27175,no
21341,no
39479,yes
38038,no
40840,no
39973,no
35811,no
20082,no
31928,no
36624,no
11181,no
29787,no
14984,no
34949,no
28805,no
12362,no
38462,no
18333,no
3200,no
19078,no
42453,no
5772,no
4612,no
40351,yes
39883,yes
36268,no
32199,no
30040,no
18868,yes
17002,yes
10271,no
11671,no
21565,no
12347,no
35628,no
32247,no
33138,no
26914,no
30126,no
42081,no
14391,no
22444,yes
11294,yes
1378,no
29722,yes
26554,no
39719,yes
35288,no
5943,no
42417,no
10274,no
31443,no
16595,no
33890,no
7863,yes
38234,yes
13694,yes
3151,yes
27815,no
42464,no
26364,no
4602,no
28822,no
15150,no
18825,yes
40560,no
2271,no
25113,no
17987,yes
20583,no
17513,no
2642,yes
29857,no
20457,no
26641,no
33351,yes
14242,no
35135,yes
23817,no
30031,no
28455,no
4862,yes
41766,no
29406,no
25101,no
32130,yes
26742,no
5747,no
3945,no
30650,no
21891,no
23853,yes
22451,no
28190,no
30112,no
12707,no
32095,no
21282,no
41904,no
40064,yes
10688,no
25872,no
38332,no
10027,no
29146,no
16092,no
17663,no
26025,no
32286,no
34816,no
11862,no
15327,no
20549,no
38001,no
3921,no
41672,no
843,no
34863,no
6713,no
18945,no
34062,no
9229,no
27752,yes
2154,no
37633,no
26588,yes
41636,yes
26900,no
33701,yes
4543,no
19143,no
9638,no
31819,no
42179,no
24262,no
35391,yes
32341,no
19361,no
20847,no
10412,yes
17428,no
37717,no
9163,no
13336,no
7630,no
3376,no
21856,no
17058,no
31244,no
19104,no
13856,no
5221,yes
10874,yes
32472,no
18570,no
23893,yes
26555,no
17380,no
3488,no
41577,no
29556,no
1038,no
34582,no
12293,no
3645,no
31841,no
8304,no
6843,no
25687,no
21424,no
1232,no
24810,no
36731,no
38812,no
4782,no
17446,yes
23286,no
28351,no
38506,yes
5429,yes
14533,yes
15029,no
4070,no
24174,yes
22633,no
41164,no
41545,yes
21137,no
27082,no
3868,no
22189,no
28336,no
36749,no
41658,no
11893,no
13180,no
2464,no
8827,no
23212,no
7693,no
21252,no
27083,no
28385,no
41729,no
9267,no
4558,yes
21753,no
38085,no
14297,yes
18470,yes
26092,no
27621,no
6451,no
39542,no
40933,no
14124,yes
671,yes
20523,no
19483,yes
23862,no
13723,no
40266,no
34815,no
25562,no
4895,no
2167,no
27799,no
5226,yes
21998,no
8230,no
23768,no
14879,no
21379,no
31933,no
21240,no
947,no
3916,no
13633,no
39150,no
13561,yes
33040,no
20377,no
33964,no
11972,no
704,no
34719,yes
34100,no
41316,yes
31253,no
21147,yes
6436,no
10034,no
13038,no
14904,no
8879,no
20035,no
20404,no
15118,yes
15009,no
1167,yes
11627,no
25984,yes
11210,no
21819,no
143,no
15200,no
40792,no
35393,yes
25705,yes
29056,yes
7259,no
4157,no
41051,yes
11427,no
8189,no
19857,no
9219,no
29565,yes
20097,no
20325,no
10391,no
34121,no
15743,yes
11458,no
20505,no
4624,no
33506,no
14540,no
38988,no
26059,no
31363,yes
33976,no
39231,no
3764,no
8943,no
20087,no
40750,no
23414,no
18984,yes
3068,no
25906,no
23762,no
22372,no
25623,yes
19718,yes
23049,no
19454,no
33728,no
29181,no
3740,no
24205,no
41586,no
3188,no
24368,no
15223,no
32896,no
32446,no
7313,yes
19932,no
3737,yes
10890,yes
867,no
13793,no
25685,no
31259,no
2536,no
35035,no
13573,no
36549,no
11272,no
23731,no
11418,no
19757,no
32173,no
22184,no
26326,yes
6294,yes
26426,no
29034,no
20927,no
8696,no
2289,no
33063,no
14199,no
12986,no
41324,no
1903,no
11263,no
14116,no
30772,no
20899,no
23649,yes
16172,yes
38614,no
40221,no
28853,no
15249,no
358,no
35621,yes
8567,no
8246,no
22747,no
257,no
20924,no
36725,yes
41649,no
35625,no
1354,no
102,no
1495,no
37251,no
35581,no
38397,no
35401,no
25552,no
38497,no
12850,yes
23213,no
3380,no
34791,no
24606,yes
17448,no
28608,no
8722,yes
40343,no
23160,no
37664,no
15278,no
40203,yes
20569,yes
16017,no
32596,no
28215,no
32470,no
28278,no
16635,no
30226,no
4909,no
27007,no
1242,yes
35102,no
20938,no
26424,no
35927,no
36960,no
9589,no
409,no
20945,yes
26778,no
24924,no
11381,no
18935,no
21771,no
39976,yes
27345,no
20726,no
35432,no
20476,no
16472,no
41741,yes
37133,no
34948,no
1633,no
15338,yes
29132,no
3287,no
15116,yes
12531,yes
10363,no
6568,yes
37762,no
18835,no
13857,no
26565,no
23249,no
21815,no
12741,no
6079,no
32429,yes
25005,yes
36326,yes
27829,no
19671,no
37373,no
31718,yes
9494,yes
17269,no
19819,no
23446,yes
28572,yes
33475,no
38456,no
7139,no
24638,no
467,yes
7542,no
37716,no
7336,no
18362,yes
23060,no
31353,yes
1483,no
11313,no
24170,no
7110,no
25508,no
29212,no
32709,yes
34658,no
18541,no
34195,no
6585,no
7523,no
12886,no
36568,no
23038,no
14125,no
23067,no
33309,no
37172,no
24732,no
13726,no
39373,no
12842,no
17742,no
6776,no
16528,yes
23074,no
32117,no
25899,no
21756,yes
14627,no
32681,yes
31843,yes
3890,no
19284,no
32898,no
21513,no
19157,no
24725,no
27378,no
29755,no
3654,no
5609,no
9021,no
13137,no
4878,yes
14541,yes
33383,no
9036,no
32569,no
26735,no
40627,no
18217,no
35997,no
19127,yes
34562,yes
25710,no
4720,no
11915,yes
42131,no
4459,no
2706,no
17851,no
34690,no
30071,no
20778,no
14801,yes
9469,yes
20032,yes
35302,no
38600,no
4982,no
20961,no
39898,no
8042,no
28348,no
22756,no
23445,yes
1032,no
5443,no
22262,no
6940,no
11988,no
22875,no
6557,no
26286,no
32633,no
25606,yes
15280,no
17707,no
8434,no
10524,no
35190,no
20423,no
34164,no
8538,no
38613,yes
35263,no
4513,yes
4046,no
39936,yes
37727,no
14008,yes
16364,no
25549,no
26832,no
9240,no
11751,no
17841,yes
21176,yes
25569,no
27939,no
8968,no
17287,yes
1982,no
10888,yes
2952,no
9888,yes
22903,yes
7651,no
7664,no
11921,yes
30866,no
24308,no
9332,yes
25217,no
21288,yes
5286,no
28470,no
30915,no
31291,no
35683,no
31789,no
25740,no
4468,no
32284,no
17328,no
23103,no
17857,no
23048,no
8956,no
39579,no
26370,no
20446,no
8027,no
29730,yes
18203,no
28132,no
40940,no
248,no
19753,no
35710,no
14715,no
24199,no
14433,no
38041,no
19141,no
40317,no
15665,no
24141,no
38373,no
33758,no
10796,no
36367,yes
11370,no
28414,no
2815,yes
28352,no
13369,yes
3378,no
17289,yes
10366,no
910,yes
3583,no
35367,no
39331,no
34538,no
32330,yes
28046,no
34960,no
18485,no
36495,no
6165,no
3008,no
38885,no
21601,no
19597,no
3284,yes
9814,no
39456,no
32624,no
5651,yes
5980,no
15465,no
21290,no
19146,no
18840,no
28362,no
19978,no
19019,no
40285,no
30502,yes
28852,no
37052,no
35284,no
6793,no
15740,yes
30260,no
3487,no
30796,no
35573,no
25589,no
41906,no
21022,no
14370,no
29945,no
31224,no
15874,yes
2997,no
28559,no
27288,no
25245,yes
24020,no
20999,no
18790,no
28014,no
19177,no
1642,no
33941,no
24223,yes
26471,yes
3369,no
6763,yes
11757,no
17243,no
19148,no
28404,no
26725,yes
12095,no
41644,no
41195,no
1864,yes
23251,no
19953,no
41232,no
39587,yes
24340,no
3416,no
30977,no
39214,no
2087,no
1285,yes
31892,no
24192,no
11871,yes
6725,no
31271,no
13211,no
1880,yes
36561,no
33219,no
12011,no
28342,yes
12672,no
8426,no
7771,yes
8697,no
30556,no
23964,no
2082,no
7472,no
24851,no
30559,no
34516,yes
670,no
30220,yes
27443,no
258,no
5419,no
19345,yes
22109,no
2787,no
28491,yes
20433,no
17182,no
835,no
3672,yes
31873,no
2656,yes
28649,no
1293,no
11591,no
24751,no
35106,no
21194,yes
20235,no
15016,no
28460,no
6201,no
38662,no
12747,no
32007,no
36965,no
16346,no
2711,no
17157,yes
129,no
21201,no
34376,yes
18468,no
12702,no
42397,yes
39318,no
113,no
8660,no
25415,no
11343,no
27142,no
24515,no
28446,no
7258,no
33085,no
21271,yes
3986,yes
1062,yes
38335,yes
27493,no
14996,no
16448,yes
41522,no
23054,no
30655,no
17410,no
14244,yes
36894,no
16260,no
5248,no
371,no
2913,no
17046,yes
26876,no
29357,yes
15174,yes
23223,no
27061,no
30865,no
38212,no
21894,yes
11637,no
9659,no
26141,no
31469,no
30724,no
23046,no
8601,no
22789,no
10068,no
908,no
26393,no
40755,no
38241,no
5867,no
12028,no
2492,no
32821,yes
29643,no
16226,no
21283,yes
24825,no
32009,yes
38236,no
3574,no
9500,no
10004,no
346,no
13371,no
28892,no
6821,no
38925,yes
35969,no
26138,no
12607,no
20285,yes
33329,no
32555,no
28082,yes
13158,no
33014,yes
36863,no
16739,no
24782,no
17768,yes
40197,yes
6599,yes
23068,yes
2189,yes
29997,no
10843,no
16405,no
16926,no
40157,yes
1598,no
21574,no
15712,no
10424,no
4324,no
20714,no
27818,no
23328,yes
27129,no
39762,no
25304,no
12817,no
27329,no
41813,no
29641,yes
26519,yes
12015,no
37388,no
31929,no
18386,no
31119,no
29781,no
12077,no
16220,no
26207,no
30782,no
36636,no
37311,no
16115,no
3334,no
22651,no
8406,no
6840,yes
326,no
33634,no
32099,no
19282,no
34351,no
32812,no
20122,no
14296,no
7661,no
28071,yes
2032,no
34608,yes
32551,no
28638,no
40182,no
26576,no
32496,no
35235,yes
40305,no
26346,yes
25192,no
23617,no
1624,no
3437,no
19575,no
11371,no
7588,no
37520,no
37166,no
36850,no
18449,no
32043,no
7129,no
1011,no
40453,no
34645,yes
39136,yes
28839,no
13597,no
14067,yes
21747,no
23832,no
17974,no
37044,yes
35521,yes
29551,no
27519,no
9132,no
10049,no
12081,no
21618,no
2166,no
36147,no
39381,no
33490,no
25270,yes
10016,no
40331,no
13419,no
12687,yes
34598,no
7436,no
34910,no
35873,no
2728,no
14573,no
7450,no
1451,no
20424,no
36730,no
15633,yes
33168,yes
39182,no
30024,no
42058,no
399,yes
5895,no
33892,no
11883,no
25257,no
25318,yes
35065,yes
32577,no
20234,no
4548,yes
41908,no
5344,yes
24148,yes
23915,yes
2886,no
22462,no
33134,no
19682,no
29127,no
14183,no
13437,no
25033,no
32850,no
31008,yes
11945,no
3559,no
17152,no
15169,no
19340,yes
784,no
13426,no
38426,no
42444,no
25751,no
16070,no
32755,yes
18529,yes
10872,no
2209,yes
18637,yes
37864,yes
31374,no
5184,no
34895,yes
6956,yes
854,yes
7166,yes
5955,no
9935,no
29097,no
17969,yes
29423,no
8257,no
5148,no
12919,no
8116,yes
34365,no
13660,no
39747,no
24137,no
42062,no
3919,no
5717,no
34484,no
15018,yes
40332,no
26072,yes
16947,no
22448,no
24660,no
18793,no
15950,yes
40942,no
18619,no
27652,no
40465,no
41885,yes
23707,yes
33612,no
30990,no
39480,no
5005,no
9385,no
13331,no
1134,yes
3695,no
33970,no
36472,no
38453,yes
3307,yes
29585,yes
14386,no
13996,yes
23956,no
837,no
4217,no
13698,no
4111,no
35162,no
22070,no
15358,yes
31362,no
31592,no
19007,no
40863,no
11113,no
6221,no
38770,no
29369,yes
37371,no
33581,no
3040,no
31250,no
29698,no
15357,no
37442,yes
31823,no
24423,no
11395,no
19120,no
23055,no
40449,no
9591,yes
33590,no
6271,yes
32233,no
16139,no
33782,no
42175,no
15975,no
556,no
35362,no
10247,no
23271,no
17591,no
2958,no
18765,no
36997,no
12257,no
41126,no
32734,no
17490,yes
17572,yes
37920,no
31336,yes
23268,yes
6974,no
39905,yes
10320,no
20983,no
15201,no
1001,no
9295,no
28985,no
29995,no
2796,no
33021,no
17467,no
23102,no
29777,no
22019,no
1567,yes
39036,yes
42361,no
41882,no
28738,no
29434,no
42128,no
39228,no
23303,no
27681,no
12731,no
42036,no
3784,no
11737,no
20021,no
1339,no
27924,no
21479,yes
19581,yes
6203,no
8881,no
35805,no
254,yes
13781,no
2261,no
8503,no
20623,no
17628,no
29445,no
4256,no
10679,no
40057,no
22702,no
22303,no
31786,yes
9082,no
15466,yes
9040,no
40754,no
18200,no
14702,yes
39345,no
40149,no
18929,no
13752,yes
10039,no
14423,no
18959,yes
21255,no
36295,no
33703,no
13872,yes
916,no
16574,no
22175,no
16330,no
7887,no
39568,no
7466,no
38,no
3240,no
17161,no
34502,no
27446,yes
18751,no
29244,no
31097,yes
2507,no
30964,no
25501,no
25822,no
15036,no
36702,no
1060,no
39774,no
26877,yes
14785,no
28933,no
24290,no
42316,no
14107,yes
646,no
23574,no
29488,no
15836,yes
34726,yes
28381,no
18691,yes
32448,yes
34532,yes
23690,no
6668,no
25425,no
2561,no
15049,no
30988,yes
3614,no
6140,no
26509,no
30714,no
38852,no
4122,no
1396,no
4060,no
39711,no
16899,yes
29148,no
26118,no
25795,yes
17186,no
27520,no
35612,no
26485,no
17704,no
28875,yes
36638,no
22665,no
38149,no
34904,yes
11240,no
7171,no
37728,no
23937,no
2794,yes
7629,yes
29302,no
38985,no
20386,yes
36095,no
31805,no
4787,no
34127,no
40261,no
17545,no
4730,no
14811,no
17947,no
13669,no
16754,no
34465,no
3435,no
36955,no
42337,no
24395,no
37424,no
512,no
25561,no
35023,no
20008,yes
42006,no
19756,no
24611,no
32449,yes
24402,yes
14998,no
2017,no
34266,no
23820,no
19887,no
25411,no
11542,no
23953,no
16372,no
17084,no
31104,no
24875,no
8113,no
13494,no
344,no
27469,no
42307,no
13449,no
26975,no
11630,no
6883,yes
23228,no
27649,no
21590,no
21398,no
37114,yes
24473,yes
26670,no
9790,yes
35390,no
4813,no
14893,no
9285,no
24595,no
2378,no
24324,no
4785,yes
36376,no
12590,no
30809,no
31371,no
32178,no
5769,yes
27249,no
16943,no
24115,no
40646,yes
14599,no
22298,no
720,no
21680,no
19101,no
30192,no
13601,no
34155,no
16107,no
29965,no
39223,yes
30060,no
21823,no
21566,no
29361,no
12868,yes
41448,no
29201,yes
9439,no
7182,no
23734,no
21286,yes
30648,yes
22958,no
18131,no
39810,no
35052,no
32605,yes
6164,no
19628,no
39680,no
25887,yes
41125,no
41758,no
41351,no
26805,no
29719,no
23719,no
15708,yes
24696,no
42019,no
26034,no
14390,yes
6741,no
4764,no
15117,no
19208,no
15947,no
38778,yes
3618,no
15899,yes
22524,no
24008,yes
17056,no
10377,yes
41600,no
649,no
586,no
1350,no
17355,no
31522,no
40363,yes
34641,no
30306,no
16222,no
37585,no
17906,no
2541,no
7934,no
36329,no
36202,no
37768,no
35601,no
8427,no
13375,no
12957,no
11434,no
41321,no
20141,yes
19663,no
11341,no
9931,no
14967,no
10974,yes
26995,no
40208,yes
11594,yes
4464,no
17928,yes
41450,no
23358,no
17000,no
25086,no
10356,no
34913,no
13282,yes
40071,no
13352,no
18861,no
7619,no
24521,no
21608,yes
22295,yes
11084,no
35563,no
3538,no
23217,yes
33530,no
2851,yes
17281,yes
2582,no
2777,no
24657,no
36466,no
22046,no
33559,no
12809,no
37499,yes
15991,no
14657,no
23664,yes
29854,no
13670,yes
2334,yes
442,no
38217,no
25288,no
11822,no
34872,no
37157,no
41694,no
10346,yes
648,no
21408,no
26400,yes
29347,no
38934,no
11839,yes
25136,no
11248,no
36332,yes
36719,yes
39280,no
38609,no
39332,no
2253,no
23613,no
1688,yes
10650,yes
11717,no
32281,yes
16766,no
27943,no
4657,no
15288,no
1089,no
40896,yes
36127,yes
32046,no
29886,no
10926,no
23814,no
6908,no
23902,no
39701,no
30576,no
30691,yes
4396,no
36178,no
33413,yes
13836,no
32066,no
23780,no
3926,no
28639,no
35464,no
28418,no
35605,no
27251,no
27883,no
40820,yes
35921,yes
6397,yes
16251,no
41310,no
12391,no
39196,no
20894,no
13122,no
8877,no
22877,yes
11288,no
16324,yes
33829,no
3401,no
14118,no
17745,no
4806,no
7212,no
38116,no
23305,yes
42253,no
39576,no
9324,no
8271,no
15989,no
40282,yes
28779,yes
13296,no
34188,yes
16399,yes
23809,yes
16988,yes
30329,no
4561,no
5948,yes
20652,no
6816,no
12946,yes
16831,no
25043,no
17700,no
15228,no
6794,yes
39325,no
39581,no
17959,yes
11851,no
7341,no
8249,no
14821,no
35427,no
40643,yes
28487,no
20045,yes
32456,no
35171,no
2852,no
13837,no
33677,no
8941,yes
35648,yes
20546,yes
14017,yes
38479,no
18704,no
31590,no
6350,no
2771,no
2223,yes
18722,yes
9199,no
30043,no
37387,no
1221,no
4384,no
17442,no
34947,yes
42332,no
5040,yes
12985,no
8378,no
15134,yes
3,no
34982,no
41571,yes
37687,yes
37110,yes
16598,no
28989,yes
41256,yes
33361,no
15914,no
11868,yes
20493,no
10934,no
33315,no
5165,no
17954,no
16758,no
25962,no
33399,yes
10484,no
37651,no
10310,yes
26415,no
28461,no
18768,yes
23341,no
41070,yes
26339,no
30598,no
37438,yes
19565,no
23487,no
41077,yes
6617,yes
26246,no
30246,no
14708,yes
25007,no
16125,no
17900,no
29486,no
11959,yes
11365,no
32733,no
550,no
8765,no
39586,yes
23084,no
33492,no
5792,no
17619,no
41528,no
11742,yes
2471,no
38963,yes
20757,no
27528,no
30993,no
15898,no
15415,no
13167,yes
39852,no
25222,no
41647,yes
12890,no
32518,no
35984,yes
6775,no
640,no
21329,no
4433,no
39085,yes
11389,no
24679,no
1632,no
27432,no
14096,no
19073,no
4057,no
34920,yes
508,no
28691,no
42025,no
12396,yes
13109,no
30257,no
3724,yes
18343,no
278,no
32410,no
39597,yes
34464,no
2628,no
31573,no
5820,no
13852,no
42299,yes
4483,yes
42271,no
9605,no
38247,no
31175,no
25831,no
3571,no
17041,no
28634,no
41376,no
10069,no
32214,yes
41198,yes
36007,no
22440,yes
1018,no
17148,no
37163,yes
22419,no
42272,no
21528,yes
4142,no
9860,no
10995,no
36445,no
35360,no
20539,no
13292,no
9106,yes
31615,yes
2838,no
21307,yes
22752,no
3015,no
10006,no
31962,yes
41751,no
26906,no
34583,no
36016,yes
7343,no
37967,no
21896,yes
18058,no
18934,no
8806,no
29969,no
5218,yes
27132,no
35336,no
11179,no
2128,no
8069,no
23677,no
16464,no
40901,yes
42047,no
33699,no
32924,no
4316,no
3438,no
42120,no
19287,no
16627,no
31454,no
7501,no
31651,no
7216,no
13284,yes
15589,no
23036,no
18982,no
34983,no
17204,no
21699,no
37632,no
6265,no
7793,no
7906,no
33198,no
15769,no
28541,no
37217,yes
40513,no
29301,no
30298,no
3301,no
15087,no
4748,no
18782,no
26804,no
9409,no
31904,no
20253,yes
32153,no
896,no
13596,no
21347,no
16308,yes
25094,no
28430,no
5533,no
24303,no
8247,yes
31864,no
30831,no
7422,yes
36786,yes
506,no
13237,no
35967,no
23419,yes
19333,no
6740,yes
8320,no
19689,no
34666,yes
7510,no
34131,no
12528,no
27307,no
28635,no
26987,no
33487,no
25214,no
21214,yes
18712,no
42051,no
4646,no
14530,no
18395,no
23906,no
32451,yes
25848,no
22506,no
27112,no
13696,no
11787,yes
25948,no
35682,yes
22837,no
42226,no
22080,no
3007,no
521,no
16861,no
27407,no
21237,no
12445,no
31525,yes
24206,no
3935,no
19957,yes
22522,no
23288,yes
1373,no
29691,no
25910,no
11093,yes
33991,no
6589,no
7118,no
8357,no
25923,no
4288,no
39316,no
13049,yes
14668,no
35012,no
12137,no
41917,no
4750,no
4298,no
25526,yes
22862,no
33933,no
27010,no
2496,no
5369,no
5298,no
1926,no
33465,yes
29586,no
40909,no
22216,no
29999,yes
29952,no
11748,yes
41901,no
41943,no
22002,no
30221,no
6754,no
11808,no
30012,no
26137,no
12082,no
42450,no
22117,no
8183,no
12334,no
17072,yes
10909,no
24579,yes
30692,no
26571,no
24492,no
31232,no
1708,yes
24189,no
5986,no
26017,no
19675,no
37060,no
8466,no
36799,no
28398,no
29844,yes
2734,yes
41465,no
26278,no
34103,yes
35426,no
13906,no
2659,no
33100,no
15437,no
32832,no
184,no
39558,no
16236,yes
34313,yes
25161,no
38068,no
27639,no
6607,no
1076,no
39281,no
8086,no
24085,yes
16958,no
36661,yes
28013,no
14912,no
40666,no
33386,no
4800,no
27670,no
40694,no
11405,no
35054,no
40907,yes
18318,yes
25995,no
25753,yes
25544,no
16804,no
26256,no
30638,no
782,no
41482,no
21829,yes
35100,no
36328,no
23490,yes
28871,no
10961,no
9275,yes
3542,no
22922,yes
32321,no
35495,no
15973,no
27751,no
37995,no
18178,no
22420,no
9296,no
36026,yes
14593,no
41560,no
38351,no
17617,no
4542,no
29217,yes
22005,yes
15187,no
2374,no
5279,no
24107,no
6628,no
8641,no
15314,no
24843,no
42115,no
23536,yes
4638,yes
29789,no
28790,no
10923,no
39065,no
29333,no
32158,no
40630,no
39841,no
30869,no
38375,no
7963,no
27911,no
27864,no
1020,no
36788,no
32258,no
9095,no
16828,no
28984,yes
33338,yes
37032,no
5095,no
30066,no
3954,yes
37885,no
38093,no
5898,no
27745,no
24613,yes
12291,no
3183,no
13827,no
13373,no
23118,yes
38086,no
8245,yes
7176,no
8222,no
7460,no
1670,no
35868,no
33503,no
40379,no
5671,no
19728,no
39728,no
17884,no
25811,no
5891,no
17047,no
2750,no
20602,yes
8338,no
3107,no
11728,no
36301,no
3632,no
6937,no
14767,no
17932,yes
30768,no
19081,no
38054,no
33214,no
41390,no
5420,no
24580,no
126,no
7193,no
33049,no
13903,no
6113,yes
42137,no
4449,yes
26992,yes
36970,no
29400,yes
26705,no
20280,yes
42020,no
30431,no
21431,yes
5538,no
14079,no
32761,no
38002,no
23684,yes
3537,no
30315,no
13563,yes
30497,no
1456,yes
25682,no
7597,no
33504,no
16760,no
27959,no
12594,no
28946,no
26136,no
20946,no
22680,yes
3807,no
2675,no
31886,no
33033,no
34074,yes
14358,yes
4600,no
15559,no
29519,no
19549,no
34471,no
1948,no
16447,no
27397,no
695,no
24435,no
2960,no
32417,no
5608,no
31286,no
40537,yes
27268,no
21052,yes
39676,no
12746,yes
544,no
10204,yes
40446,no
36938,no
954,yes
21202,no
40811,no
29363,no
8054,no
21225,no
27490,yes
33038,no
10150,no
12825,no
13554,no
11860,no
18126,no
28203,no
619,no
30451,no
39505,no
41206,no
20169,yes
24139,no
28189,no
14684,no
20426,no
40046,no
6248,no
3573,yes
11479,no
28602,no
2604,no
14071,yes
19022,no
27785,no
28739,no
24042,no
5322,no
38560,no
38215,no
16630,yes
31133,no
3782,yes
27727,no
29533,yes
36137,no
38703,no
36888,yes
8732,yes
19667,yes
28454,no
34046,no
30185,no
2749,no
36258,no
35014,no
9502,no
15380,yes
14596,no
28392,no
39906,no
452,no
20459,no
1371,yes
24127,no
30539,no
804,no
42164,yes
28881,no
6462,no
31355,no
20506,no
12278,no
39658,yes
23298,yes
13940,no
8880,yes
32930,no
31266,no
37675,no
36789,no
40416,no
30360,no
40053,no
8362,no
8414,yes
9915,no
17589,no
26827,no
5743,yes
42,no
32976,no
866,no
27863,no
24703,no
33617,yes
22202,no
36822,no
38998,no
25829,no
12268,no
22033,no
38844,no
31370,no
5060,yes
23900,yes
5670,no
30380,no
24927,no
18867,no
27839,yes
5776,no
39293,yes
41512,yes
41561,no
39858,yes
10897,no
29231,no
11015,no
32051,no
16838,no
31059,no
11243,no
35849,no
19790,no
2755,no
12800,no
18033,yes
23737,no
14842,no
34485,no
24098,no
25171,no
17731,yes
15746,yes
14011,yes
28310,no
38588,no
33580,yes
34176,no
5467,no
36690,yes
28227,yes
14897,no
32564,no
17679,no
33462,yes
17191,no
2623,yes
34732,no
24217,no
40231,no
3088,no
15532,no
35995,no
27719,no
37066,no
33139,no
35439,no
38632,no
1536,yes
38171,no
27395,yes
6453,no
25105,no
11187,no
9996,yes
12353,no
31683,yes
30400,yes
18774,no
31456,no
19654,yes
12216,yes
33087,yes
6611,no
4382,no
19372,no
23837,yes
36031,no
9691,no
20841,no
5977,no
12498,yes
20047,no
40196,no
40329,yes
32201,no
15638,yes
37433,no
27514,no
13302,no
36813,yes
34300,no
1119,no
23892,yes
23994,no
32156,no
29171,no
22137,no
42096,no
32613,no
13508,no
25123,no
21783,yes
21966,yes
39310,no
8318,no
11029,no
41312,no
34360,yes
24974,no
8430,yes
29218,no
440,no
16731,no
2455,no
17849,no
22861,no
39608,no
21475,no
19263,yes
18253,no
36369,yes
3238,no
12422,no
24105,no
21087,yes
15285,no
14661,yes
15793,no
21605,no
32921,no
38923,yes
39552,yes
29172,no
19273,no
1222,no
14826,no
23453,no
34343,no
2169,yes
41554,no
2260,no
4972,no
25041,no
36995,yes
7138,yes
36790,no
5728,no
24838,no
37763,no
8416,no
26489,no
28593,no
23557,yes
4836,yes
12040,no
19552,no
21653,no
2575,no
2308,no
7014,no
31862,yes
27143,no
35928,no
17898,yes
9967,no
32226,no
41809,no
14887,no
41202,no
2488,yes
36279,yes
32736,no
5484,no
31561,no
20615,yes
38730,no
1386,no
26649,no
27704,no
24275,no
17990,no
25174,no
3051,no
15860,yes
32844,no
34418,no
17190,no
6553,yes
9917,no
30808,yes
13214,no
12144,no
41699,yes
22232,no
34403,no
8073,yes
29352,no
825,no
25186,no
33276,no
23387,no
2646,no
19612,yes
6881,no
4248,yes
31293,no
5434,no
35454,yes
37068,no
12185,no
42356,yes
12506,yes
7937,no
12834,no
24138,no
6261,no
31846,yes
34811,yes
24418,no
4426,no
32950,no
3539,no
40515,no
5594,no
31100,no
12000,no
17335,no
40626,yes
21296,no
6024,yes
35870,no
8993,no
4297,no
8076,yes
8932,yes
4670,no
38927,no
1542,yes
15102,no
4105,no
15768,no
27887,no
30508,no
28591,no
30153,yes
30167,no
22458,no
38457,no
20327,no
8679,no
41348,no
3424,no
8864,yes
19816,no
8398,yes
25369,no
27284,no
23237,yes
41499,no
67,no
9526,no
39939,no
22326,no
21409,no
17288,no
4766,no
27026,no
14748,yes
39804,no
12726,no
25483,no
14526,no
10747,no
18322,yes
37111,yes
12228,no
2521,no
32236,no
5416,yes
17447,no
4274,yes
19360,yes
18737,yes
19751,no
37849,no
3152,no
16894,no
17126,yes
18593,no
24244,yes
37051,no
39572,no
3575,no
38917,no
38411,no
109,no
9165,no
29006,no
21063,no
13428,no
25881,no
21289,no
28806,no
22132,no
8633,no
4154,no
7407,no
1971,no
264,yes
23104,no
13186,no
13433,no
22720,no
40256,yes
38775,yes
13247,no
31788,no
16194,no
8577,no
36149,no
33568,no
4868,no
19409,no
3774,no
31303,yes
6080,no
35674,no
17630,no
12053,no
31555,no
27400,no
38167,no
35469,no
24736,no
37908,no
2998,no
37003,no
25251,no
2618,no
437,no
37713,no
27161,no
6178,no
8707,no
2931,no
3336,no
24975,no
18692,no
38995,no
34553,no
5847,no
42031,yes
21434,yes
9265,no
15662,no
31700,no
11482,no
1658,no
7829,no
41087,no
1833,yes
25692,no
31678,no
5233,no
15356,no
12033,no
36470,no
9618,yes
27749,no
27167,no
29955,no
24090,no
14287,no
12807,no
35916,no
17325,no
18827,yes
16503,yes
25912,no
25851,no
23708,no
35863,no
7715,no
13987,no
41199,yes
23243,no
17536,yes
1125,no
34265,yes
32829,no
9350,no
10482,yes
16639,no
18521,no
9844,no
18687,no
5470,no
21532,yes
29566,no
32299,no
33158,no
2991,no
37397,yes
22963,no
21399,no
26556,no
16981,no
15350,no
8090,no
37498,no
40778,no
17578,no
34030,no
10687,no
31373,no
27588,yes
34665,no
16379,no
20243,no
24357,no
14743,yes
27227,no
14329,no
32048,no
28187,no
5535,no
19025,no
3686,no
17061,yes
4442,no
31581,no
34790,no
4002,no
17372,no
11066,no
4390,yes
14687,yes
33587,no
16715,no
36586,no
10022,no
7539,yes
10938,yes
31689,no
636,no
18476,no
16298,no
22591,no
33943,no
34438,no
9648,yes
18676,no
9728,no
18601,no
38578,no
4999,yes
478,no
29946,yes
15447,no
42196,no
37921,yes
1740,no
41713,no
34712,no
4762,yes
1866,no
4774,no
71,no
31073,no
3852,no
16262,yes
4484,yes
30845,no
29807,no
13934,no
14224,yes
1151,yes
8381,yes
30440,no
12636,yes
1309,yes
36218,no
21083,no
11770,yes
2486,no
3321,no
30462,no
24249,no
33824,no
27153,no
2046,no
40186,yes
38401,no
33750,no
18294,no
27450,no
16102,no
38281,no
33175,yes
12048,no
10353,no
3561,yes
7075,no
34680,no
38955,no
40651,no
22311,yes
30949,no
21698,yes
36655,no
28957,no
24968,no
5509,yes
28403,yes
33398,yes
8597,no
11761,yes
5930,no
37250,no
2976,no
14325,no
30675,yes
2690,yes
10619,no
27380,no
41313,yes
23721,yes
39897,yes
17302,yes
12902,no
37276,yes
2312,no
2613,no
33126,no
16573,no
14133,no
38761,no
11281,no
35986,no
14778,no
7301,no
39497,no
33516,no
34505,no
8203,no
38432,no
27362,no
41237,no
32533,yes
31941,no
21973,no
5838,no
23733,no
5301,no
23743,no
25695,yes
34550,yes
28626,no
38220,no
29366,no
25164,no
12704,no
8527,no
1326,yes
27983,no
15287,no
12210,no
18156,no
7948,yes
21227,no
8412,no
26807,no
34905,yes
41533,yes
39147,yes
1358,no
1787,no
11960,no
12970,no
31015,no
13575,no
30800,no
28731,no
19412,no
3718,no
4146,no
12981,no
13087,no
37572,no
30218,no
28534,no
31205,no
31435,no
38412,no
5377,no
39215,no
38830,no
27505,no
41038,no
30265,yes
28369,no
36889,no
26253,no
8966,no
12784,yes
10541,no
10605,no
37465,no
23539,no
19666,no
39836,no
15309,no
10121,yes
2633,yes
39749,no
35677,no
21842,no
25676,no
11020,yes
40566,no
1190,yes
11631,yes
4763,yes
8921,yes
35830,no
39092,no
12410,yes
37458,no
28810,no
11430,no
9522,no
33733,no
17915,no
33221,no
42026,no
20208,yes
19183,no
5078,no
40733,no
2517,no
23828,no
15819,no
32716,yes
25296,yes
28545,no
9443,no
1603,yes
39985,yes
29877,yes
14798,yes
41734,no
9268,no
1099,no
17345,no
24378,no
29184,no
25266,no
41356,no
7392,no
20496,no
233,no
10790,no
37050,yes
12079,no
39968,no
13965,no
22093,no
9854,no
17905,no
2955,no
24533,yes
25903,yes
37401,no
30927,no
39220,yes
22562,no
29376,no
2135,no
6057,yes
22243,no
33573,yes
33755,yes
37036,yes
19866,no
8746,no
40723,no
15511,yes
20896,yes
42389,no
15936,no
36174,no
40164,no
33095,no
40321,no
13524,yes
4832,no
28412,no
5781,no
21814,yes
37877,no
2873,no
40376,yes
35856,no
23385,yes
4954,yes
33107,no
35005,yes
10512,no
9751,no
20789,no
41191,no
31977,no
4597,no
13819,no
20354,yes
41674,no
8692,yes
38554,yes
26726,no
9624,no
30757,no
8504,yes
11421,no
28384,yes
36223,no
11438,no
37584,no
1407,no
19894,yes
17934,no
18439,no
436,no
27779,no
29970,no
13398,no
23075,no
40235,no
7150,no
5939,no
6116,no
39710,no
26460,no
15233,no
22092,no
21103,no
17432,no
29051,yes
23859,no
24508,no
12320,no
3779,no
36502,no
12319,no
39210,no
26566,yes
25656,no
4967,yes
17063,yes
14083,no
17767,no
26184,no
1894,no
4512,no
12606,no
20809,no
25121,no
5474,yes
36375,no
35002,yes
38894,no
25207,no
31795,no
33282,no
16560,no
23747,no
34318,no
7457,no
20156,no
37736,no
12947,no
35207,yes
4930,no
3285,no
12030,no
14739,no
12601,no
40102,no
21184,no
17229,no
5280,no
18700,no
27127,yes
22637,no
16007,yes
42403,no
33723,no
19916,no
13668,no
9954,no
19709,no
20509,no
3077,no
17418,no
5606,no
5468,no
36293,no
15713,no
2939,no
2835,no
23360,no
17323,no
6128,no
17787,no
32422,no
7734,no
4549,yes
19160,no
30833,no
15456,no
2959,yes
23317,no
36237,no
8158,yes
26694,no
997,no
14235,yes
11115,no
36456,no
2762,yes
32766,no
11304,no
40141,no
26477,no
28859,no
18396,no
38752,no
23116,yes
9210,no
41897,no
627,yes
15604,no
20368,no
13855,no
11709,no
5426,no
7419,yes
27750,no
19856,yes
5062,no
1374,no
29711,no
32483,no
13603,no
33036,yes
27541,no
3884,no
7185,no
9154,no
35252,yes
9654,yes
2473,no
20060,no
24479,no
27476,no
23340,no
791,no
37127,no
4871,yes
41948,no
8316,yes
38232,no
33858,no
10689,no
27813,no
41308,no
9092,no
13591,no
2573,no
9889,yes
7668,yes
16066,no
20698,no
7685,yes
37134,no
5157,no
4517,yes
27163,yes
26699,no
1623,no
650,yes
16613,no
42451,no
9050,no
27013,no
32,no
40377,yes
26012,yes
22476,no
30139,no
29055,no
38921,no
6948,no
923,no
11565,no
7505,yes
4245,no
41808,no
40450,no
22715,no
31682,yes
31913,no
33077,no
19259,yes
647,no
28318,no
13877,no
19747,no
7162,no
34799,no
22207,no
9843,no
10192,no
32001,no
37455,no
21817,yes
14256,no
32499,no
41393,yes
14359,no
30017,no
19787,no
13473,no
7072,no
42319,yes
41205,no
33743,yes
5952,no
13488,no
26786,yes
3374,no
22222,no
3913,no
33558,no
18938,no
22638,no
23774,no
7587,no
39828,yes
34424,no
34735,no
37816,no
22915,no
18153,no
6841,no
16769,no
12050,no
13777,no
41504,yes
37956,no
28154,no
6738,no
7781,yes
37369,yes
22167,no
33905,yes
10293,yes
12973,no
14519,no
32455,no
4809,no
33323,no
6554,no
7980,yes
17521,no
28168,no
38701,no
6517,no
16062,no
12213,yes
5446,no
38873,no
21040,no
11724,no
25761,no
41145,no
16143,no
29288,yes
20051,no
2250,yes
10683,yes
10169,no
21614,no
11617,no
22436,no
5176,no
30592,no
41049,no
28340,no
21882,no
28819,no
22959,no
32304,no
39121,yes
323,yes
41764,no
41687,no
18371,no
3519,yes
18073,yes
11633,no
7191,no
40087,yes
22405,no
31046,no
19864,no
7606,no
7956,no
40857,no
14589,no
10010,no
14662,yes
27729,yes
2702,no
19725,yes
29471,no
14234,no
10900,no
11400,no
17050,no
2891,no
3638,no
445,yes
8557,yes
26124,no
25467,no
40635,no
17383,no
23148,yes
30023,no
35593,no
15817,no
35195,no
41367,no
17240,no
5108,no
37370,no
41730,no
24486,no
17515,no
2757,no
35497,no
19289,no
30521,no
28799,no
40688,yes
35511,no
11580,no
18450,no
8702,no
29365,no
6125,no
1802,no
10454,yes
37425,yes
20441,no
37007,no
35774,no
30194,no
27004,no
6056,no
27214,no
12346,no
38799,no
35473,no
6135,no
31831,no
3557,no
22954,yes
41767,no
11224,yes
11845,no
19092,no
16247,yes
29926,no
33420,no
36188,no
11286,no
13653,no
16468,yes
16284,no
21401,no
42076,no
23905,no
38574,no
8280,yes
34629,no
24354,no
5351,no
20365,no
15485,no
26838,no
11755,no
3203,no
27023,no
26038,no
19495,no
28679,no
11335,no
9710,no
27614,no
11697,no
3877,no
1941,yes
11648,no
28441,no
27157,no
18061,no
9378,yes
19506,no
14109,no
18492,no
40852,no
32537,no
21020,no
26122,no
20816,yes
41689,yes
42462,yes
6488,yes
1277,no
5628,no
25902,no
16189,no
30182,no
911,no
27109,no
22169,no
21246,no
25591,no
20245,no
12369,no
17676,no
11797,no
9965,no
23253,no
4590,no
14231,yes
17962,no
36629,no
5758,no
25870,yes
9535,no
37634,no
1411,no
20798,no
6245,no
31297,no
23029,no
27878,no
21159,no
14704,no
33234,no
38284,no
26282,no
6707,no
38547,no
12303,no
37715,no
15505,no
26436,no
24699,no
17065,no
39714,no
13973,no
4940,no
6651,no
20948,no
24813,yes
7424,no
38615,no
23913,no
3337,yes
29157,no
12786,yes
21190,no
3303,no
19063,no
40171,no
28949,yes
37688,no
41639,yes
4281,no
8795,no
33660,no
706,no
16068,yes
35509,no
3039,no
217,no
33645,yes
1660,yes
38981,no
28869,yes
11461,no
13077,no
18479,no
30961,yes
36169,no
31866,no
11863,yes
41942,no
40521,no
40894,yes
35535,yes
14604,yes
11230,no
13907,no
18209,no
10445,no
24697,no
14313,yes
25585,no
12113,no
6379,yes
38979,no
38840,no
33901,no
16135,no
8171,no
7080,no
40099,no
18993,no
41138,no
34692,no
30193,no
33349,no
25717,no
5667,no
31069,no
32905,no
203,no
39704,yes
7260,yes
16449,no
41099,no
13741,no
12848,no
21097,no
8540,no
20409,no
37811,no
10155,no
8481,no
11814,no
26712,no
17034,yes
2594,no
2274,no
35807,no
40447,no
3178,yes
7739,no
15323,no
37952,no
35814,no
9365,yes
3027,yes
27598,yes
12790,no
26163,no
38863,no
12446,no
2213,no
21569,no
15226,no
14441,yes
41915,yes
39364,yes
1914,no
35512,no
38535,no
41601,no
3353,no
15684,no
17236,no
16681,no
11054,no
38855,yes
8883,no
37550,no
32920,yes
9879,no
22870,no
13909,no
7227,no
11984,yes
4509,no
21957,yes
32106,no
11016,yes
36505,no
37005,no
17431,no
252,no
15120,no
33720,no
35707,no
36782,no
5026,no
24407,no
40764,no
42312,no
16384,no
26549,no
22129,no
41459,no
36924,no
2030,yes
5086,no
25149,no
259,no
41771,no
13955,no
11541,no
8901,no
22997,no
559,no
39185,no
20970,yes
27452,no
31625,yes
40214,yes
6637,no
36001,no
19062,yes
3492,no
1540,no
2145,yes
18775,no
23239,no
2194,no
14745,no
33244,no
30672,no
11584,no
38884,no
36331,no
9206,no
32139,yes
11624,no
28874,no
15859,yes
29266,no
33532,no
41720,no
25914,no
6426,no
1022,no
33874,yes
1589,no
33092,no
1722,no
35684,yes
857,no
40308,no
28033,yes
34136,yes
35293,yes
33791,yes
856,no
17461,no
18026,yes
18578,no
38307,yes
25998,yes
25287,no
8342,no
33938,no
12916,no
27309,no
26997,no
30511,no
7745,no
7334,yes
41557,no
37746,yes
18291,yes
25147,no
16175,yes
15391,no
41154,no
6503,no
35016,no
41421,no
36378,yes
9875,no
10651,no
986,no
1300,no
42241,yes
10040,no
25588,no
7541,yes
42448,yes
19738,no
41945,no
693,yes
19295,no
15074,no
293,no
33693,no
41276,yes
23112,no
22814,no
13725,no
38088,no
28268,no
36829,no
18742,yes
5191,no
6155,no
15522,no
25896,no
22734,no
22659,no
30109,no
25724,yes
40565,no
13699,no
35781,yes
35959,no
23412,no
35750,no
39206,no
183,no
26678,no
23751,no
3157,no
1994,no
32013,no
7277,yes
5514,no
18624,yes
26310,yes
29107,no
19211,no
1161,no
17826,yes
14938,yes
1529,yes
15433,yes
24952,no
39368,no
12385,no
19111,yes
12857,no
14872,no
27120,no
38521,no
36903,no
38050,no
28431,no
37548,yes
41260,no
16424,yes
30817,yes
36682,no
29648,no
7094,no
12652,no
1347,no
37138,no
32586,no
38531,yes
37451,no
30554,no
30285,no
41789,yes
39199,no
12361,no
7300,no
38226,yes
12530,no
32772,no
37200,no
4533,no
41990,no
15538,no
4520,no
20628,no
13309,no
872,yes
5044,no
28040,no
41665,no
6374,no
11911,yes
12614,no
34367,no
36832,no
31960,no
7381,no
31906,no
15970,yes
17991,no
13901,yes
3836,yes
34693,yes
38763,yes
42185,no
8829,no
24954,no
12194,no
28037,no
17496,no
41188,yes
3943,no
39385,no
28044,no
20734,no
20758,no
29590,no
31765,no
34302,no
17295,no
8334,no
10031,yes
28498,no
22409,no
15441,no
4166,yes
4547,yes
31529,no
4045,no
26819,yes
2487,yes
41173,no
36207,no
9204,no
36483,yes
19434,yes
9789,no
18363,no
15295,no
7861,yes
41471,no
363,no
24539,no
25563,no
39313,yes
33264,no
27497,no
28924,yes
22542,no
35466,yes
20825,no
15214,yes
21910,yes
9697,no
7997,yes
37774,no
2049,no
20432,no
33685,yes
18980,no
37930,yes
1732,no
11817,yes
11199,yes
18838,no
30940,yes
42246,no
13055,no
2441,no
9907,yes
37790,no
16763,no
11061,yes
26978,no
26998,no
3128,no
7046,no
3817,no
22888,no
39017,no
13543,no
10234,no
36035,no
5839,no
7229,no
23872,no
19885,no
6844,no
31549,no
24365,no
3950,yes
2226,no
30628,no
16904,no
31630,yes
4352,yes
15582,yes
33354,no
13368,no
37831,yes
32433,no
24558,yes
21742,no
29256,yes
25891,no
4195,yes
19329,no
42099,no
9044,no
38732,no
16849,yes
26026,no
23031,no
14754,no
36269,no
8768,yes
16740,no
27299,no
21863,no
26980,no
28937,yes
6252,no
4328,yes
1754,no
39269,yes
36654,yes
40499,no
6007,no
8821,no
15089,yes
23716,no
41050,no
38816,no
41361,no
33385,no
41412,no
1788,no
33377,yes
2264,no
6876,no
14579,no
33951,yes
9114,no
8082,no
13203,yes
12571,no
33966,yes
9072,yes
24625,no
1778,no
27231,no
35026,no
32316,no
36672,no
2671,no
18734,no
28496,no
26837,yes
34033,no
19980,no
31318,no
19054,no
4387,yes
35175,no
14836,no
31922,no
32486,no
4385,yes
38181,no
18054,yes
36499,no
24526,no
26811,no
40126,no
42223,no
17343,no
30111,yes
36379,no
22461,no
8384,no
40300,no
637,no
8575,no
421,no
23607,no
1924,no
26799,no
34419,no
20042,no
28939,no
5933,no
15755,yes
37274,no
18278,no
6934,no
18274,no
14049,no
36670,no
40170,yes
32691,no
32847,yes
31810,no
15492,no
20877,yes
10042,no
9602,no
30873,yes
38344,no
35074,no
13132,no
12737,yes
40910,no
41399,no
32392,no
21221,no
36918,no
14336,no
7605,no
40974,no
7355,no
40458,no
30547,no
32900,yes
38097,no
35990,no
13407,no
21788,yes
29864,yes
33290,yes
28104,no
37569,no
39759,no
22407,no
19716,yes
14619,no
1607,no
14043,no
28103,no
39312,no
41936,no
16011,yes
6168,no
22965,no
10399,no
22882,yes
37616,no
39524,no
9121,no
23408,no
19072,yes
21038,yes
2864,no
9840,no
13327,no
12642,no
41595,no
23432,no
5308,no
16702,yes
37861,no
30251,no
41844,no
29348,no
21576,no
38859,no
37169,no
33547,yes
33747,no
4835,no
32739,no
42490,no
25614,no
29166,no
17008,no
24567,yes
23426,no
14595,no
38304,yes
4183,no
9281,no
503,yes
35255,no
42377,no
12609,no
9180,yes
32612,no
24814,no
19314,no
1459,no
6473,no
4844,no
20140,yes
41332,no
40400,no
18908,yes
2207,yes
19180,no
2317,no
24584,no
8478,no
16094,no
32094,no
3915,no
2080,no
4892,no
1543,no
11493,no
26632,yes
34752,yes
24121,yes
9998,no
41085,no
16845,no
6444,no
31236,no
4516,no
2547,no
21030,yes
11730,no
30982,no
41059,no
31940,no
33460,no
4915,no
38428,no
41257,no
20658,no
30160,no
21669,no
30876,no
27073,no
6822,yes
4299,no
9501,no
1135,no
5102,no
33971,no
604,yes
2636,no
38733,no
25345,yes
4265,no
39287,no
16921,no
24459,yes
22836,no
5249,no
9413,no
17032,no
11246,no
255,no
24902,no
9,no
23981,no
27552,no
21433,no
28453,yes
40464,yes
6214,yes
17760,yes
35344,no
5461,no
35650,no
14837,no
25464,no
3192,yes
35468,no
27990,no
953,yes
8853,yes
10916,no
22301,no
30048,no
24484,yes
12488,no
18701,yes
30495,yes
27105,no
34835,no
3467,yes
3707,no
24073,yes
25350,no
3074,no
11077,yes
34748,no
31662,no
8627,no
17782,no
23704,no
23314,no
20355,yes
34570,no
4026,yes
28954,no
17258,yes
19198,yes
2557,yes
36280,no
32382,no
14403,no
11198,no
16003,no
10539,no
28429,no
29487,no
27115,no
17957,no
17803,no
18409,no
35722,no
23208,no
16608,no
21018,no
12443,no
29748,yes
1249,no
31018,no
16365,yes
38399,no
23279,no
31702,yes
28526,yes
10295,no
14886,no
28630,no
3936,no
8423,no
1419,no
33280,yes
14734,yes
2708,yes
41503,no
35647,no
6139,no
36907,no
22831,yes
7921,no
17100,yes
41481,no
28074,no
2466,no
11670,no
31604,yes
27949,no
15403,no
18828,yes
32102,no
27627,no
1268,no
40935,no
14337,no
20846,yes
22592,no
1539,no
10789,no
27258,no
15396,no
38464,no
26602,no
40340,yes
16485,no
5981,no
38331,no
32193,no
11409,yes
29189,no
41187,no
14575,no
10182,no
20487,no
41613,no
46,no
15267,yes
16597,no
13751,yes
16556,yes
18771,yes
32122,no
5675,yes
30947,yes
23391,no
30034,no
40872,no
39249,no
36923,no
20334,no
5526,no
32414,yes
10988,no
16590,no
19291,no
2477,no
9118,no
6975,no
38708,no
10767,no
32773,no
29344,no
21716,no
27213,no
23121,no
8143,no
39755,no
7018,no
22364,no
1578,no
36411,no
13833,no
26851,yes
17123,no
5926,yes
35790,no
3635,no
36179,no
21642,no
4783,no
33056,no
38219,no
5605,no
33663,yes
7063,no
9759,no
1558,no
11888,no
22710,no
37862,no
40204,no
13088,no
39792,no
5315,no
9634,no
36172,no
24315,no
28408,no
21152,yes
36062,yes
21697,no
33345,no
4470,yes
18372,no
8093,no
34016,yes
9599,yes
17931,no
41115,no
29814,no
38161,no
8590,no
15648,no
28741,no
4427,yes
37904,no
20322,no
1259,no
23071,no
4922,no
1687,yes
30605,yes
6608,no
20738,yes
30704,yes
27917,yes
17758,no
31150,no
305,no
38938,no
17217,no
5214,no
15289,no
16411,no
11160,no
30371,no
520,no
34928,no
11774,yes
15593,no
10187,no
35882,yes
15301,no
33843,no
3952,no
32527,yes
4386,yes
11832,no
6414,no
25196,no
10665,no
3528,no
16456,yes
5892,yes
7167,no
26500,no
12960,no
19164,no
18095,no
34621,yes
32806,yes
27141,no
24547,no
38452,yes
39588,no
10030,no
28370,yes
32631,no
20478,no
16021,no
29070,yes
40471,yes
11214,yes
23170,no
32209,yes
37915,no
22481,no
30377,no
10109,no
35117,yes
3742,no
18272,no
37345,no
4312,no
9547,no
32655,no
37482,yes
6636,yes
35557,yes
16864,no
24188,yes
8038,no
23123,no
39391,no
3120,yes
27804,yes
14644,yes
18189,no
21992,no
40125,no
5890,yes
13064,no
35202,no
40734,no
5092,no
32520,no
13684,no
19830,no
2812,no
12190,no
16924,no
38967,no
24639,no
4502,no
19853,no
8352,yes
3066,yes
34095,yes
6170,no
39709,yes
11955,yes
18505,no
31804,no
13277,yes
40659,yes
4263,no
25641,no
7177,no
20815,no
30396,no
14074,yes
779,yes
6916,no
9248,yes
8244,no
40142,no
35834,no
25991,no
19583,no
30130,no
6088,no
31991,no
3064,no
7568,no
21019,yes
15781,no
29101,no
18985,no
6719,yes
16865,no
31005,yes
23405,yes
6842,yes
23369,no
33340,no
12552,no
21768,no
13739,no
5139,no
773,no
5876,no
24285,no
3906,no
57,no
16510,no
5807,no
34836,no
34758,no
9740,no
27211,no
22021,no
1282,yes
15891,no
37280,no
16950,no
27909,no
21693,no
40758,no
30393,no
33470,no
19656,no
27890,no
38916,no
21909,no
9505,no
9736,no
28510,no
31117,no
19891,no
1086,no
22158,yes
21840,no
21415,no
5305,no
35906,no
17911,no
11159,no
33337,no
20470,no
38252,yes
39154,no
10117,no
2144,no
27654,no
10196,yes
27840,yes
23176,no
28426,no
6469,no
16318,yes
10063,no
9045,no
21412,no
8873,yes
30589,no
37461,no
24496,no
17650,no
37645,no
36814,no
12167,no
29091,no
37185,no
12505,no
32723,no
1413,no
12709,no
14554,no
33232,no
35274,yes
23949,no
10607,yes
36643,no
37863,no
36158,no
4368,no
22646,no
4845,no
20965,yes
12875,no
33861,yes
23910,no
20022,no
9436,no
4000,no
24258,no
3967,no
2282,yes
40815,no
39038,no
39148,yes
24219,yes
2368,no
32580,no
30557,no
11609,yes
4254,no
14592,no
1212,no
39230,no
40187,yes
5014,yes
37961,no
8730,no
23494,no
19750,no
24546,no
41100,no
36076,no
24528,no
6234,no
20474,no
31865,no
18086,no
29591,no
16591,yes
17297,yes
35585,no
30568,no
14624,no
14870,no
2031,no
5278,no
15594,no
15937,no
28845,no
12670,yes
35823,no
35883,no
14035,no
35857,no
15103,yes
2280,no
19769,yes
41415,no
35069,no
36424,no
39336,no
15404,no
34999,yes
6487,no
35571,no
35217,no
2495,no
17158,no
9264,no
22579,no
24156,no
13587,no
6819,yes
37979,no
30230,no
27291,no
25718,no
27901,no
17139,yes
17409,no
33016,no
4961,no
32494,no
34908,yes
17660,no
4737,no
20119,no
8533,no
2067,no
15777,no
26380,no
37579,yes
16807,no
27843,no
39961,no
10571,no
34336,no
16461,no
18055,no
8914,no
1594,no
40495,no
11055,no
1101,yes
42265,no
27342,no
22584,no
24787,no
15934,yes
20383,yes
19796,no
4488,no
20864,no
20604,no
15138,no
24856,no
18101,yes
41562,no
2990,yes
13325,yes
11647,no
41263,yes
28224,no
39914,no
31978,no
21366,no
41992,no
16290,no
19527,no
3112,no
4366,no
34063,no
19168,no
39772,no
9419,no
14680,no
18794,no
16738,no
33827,yes
26035,no
15961,yes
16558,no
4946,no
5962,no
33353,yes
13780,no
3247,no
9538,yes
3262,no
8484,no
40568,no
9509,no
28240,yes
5861,no
10056,no
30168,no
41714,no
33305,yes
12425,no
30535,yes
14424,no
39324,no
19818,yes
8958,yes
21318,no
4189,no
17976,yes
37132,yes
20131,no
25354,no
2355,no
35623,no
40028,no
13776,no
28098,no
1522,no
27484,no
8885,no
2964,no
21606,no
22418,yes
19613,no
26653,no
14030,no
15766,no
32780,no
3137,no
5017,no
10277,no
16833,yes
601,no
13644,no
20498,no
28242,yes
29939,no
30689,no
4669,no
31078,no
1703,yes
14951,no
42021,yes
14487,no
16458,no
36156,no
11512,no
13217,no
1803,no
32129,no
5844,no
9510,no
33335,no
32705,yes
29199,no
13079,no
29620,no
22272,no
8638,no
39051,no
28353,yes
7826,no
23991,no
20808,no
11050,yes
7201,no
42441,no
24283,no
25332,no
39267,no
10322,no
21118,no
12958,yes
15054,no
18016,no
26102,yes
12966,yes
29579,no
23698,no
9200,no
38144,no
37660,yes
18284,no
26889,no
12115,no
25019,yes
24311,no
31494,no
23254,yes
36943,yes
30812,no
17735,no
28773,yes
24691,no
3080,no
11352,no
3032,yes
25418,no
23489,no
11302,no
35249,no
1838,yes
25683,yes
24157,yes
34223,yes
11420,no
40348,no
13551,no
10157,no
24333,yes
32493,yes
8241,no
22333,yes
25025,no
22945,no
17766,no
9520,no
32860,no
31708,no
18893,no
10924,no
36514,yes
37588,no
25555,no
929,no
24593,no
3564,yes
16976,yes
3217,no
39867,no
26558,no
28570,no
15664,no
10326,yes
91,no
9858,yes
2297,no
26913,yes
21510,no
17083,no
14488,no
941,no
8773,no
18038,no
27783,no
4828,no
30376,no
25410,no
5631,no
21231,no
29868,no
2837,no
8820,no
12808,no
20363,yes
6566,yes
17755,no
20015,no
1932,no
33766,no
33654,no
17581,yes
28036,no
7676,no
27902,yes
9585,no
37512,no
23127,yes
40752,yes
6795,yes
39159,no
6689,yes
5480,no
22007,no
35610,yes
12244,no
29581,yes
25037,no
12280,no
41735,no
13715,no
42326,no
38034,no
41113,yes
28373,yes
28962,no
32050,no
1165,no
31670,no
15884,yes
7107,no
2164,no
30291,no
1976,no
13173,yes
17419,no
35687,no
13230,no
40143,yes
40004,no
11768,no
30985,yes
405,yes
973,yes
16743,no
15004,no
34230,no
32340,yes
2600,no
34078,no
1454,no
28319,no
1822,no
19136,no
11074,yes
15858,no
13887,no
2722,no
5572,no
20435,no
25838,no
1538,no
13383,yes
41022,no
4523,no
2136,no
34101,no
35819,no
14928,no
28371,no
4138,no
16652,yes
7148,yes
36898,no
8634,no
20629,no
35809,no
26820,no
37423,no
5055,no
15469,no
10156,yes
274,no
39181,yes
32985,no
9233,no
7613,no
932,yes
41297,no
3866,no
4152,no
12394,no
21554,yes
19849,yes
31990,no
28147,no
30215,no
33517,no
17561,no
23555,no
32790,no
40388,no
11924,no
12639,no
23838,no
26748,no
30018,no
29935,no
23904,yes
32425,no
40148,no
12956,no
15941,yes
17468,no
32196,no
30595,no
29943,no
318,no
26373,no
40183,no
9364,no
41965,no
17285,yes
7564,no
39798,no
9773,no
26150,no
21029,no
35411,no
20689,no
27158,no
4607,yes
28694,no
38824,no
9788,no
4151,no
18784,no
13927,no
32266,no
7442,no
41520,no
7477,no
26285,no
23941,no
10397,no
26438,no
11415,no
19039,no
6142,no
25788,no
17597,no
480,no
9389,no
39492,no
20511,no
33928,no
42357,yes
28606,no
27340,no
7889,no
22052,no
4635,yes
1330,no
21658,no
3825,no
23703,no
26333,no
40595,yes
22894,no
15412,no
15444,no
39871,no
10761,no
36911,no
30734,no
26624,no
23033,yes
24889,no
30231,no
40716,no
20952,no
9122,no
27940,no
18951,yes
38022,no
20172,yes
15209,no
4532,no
11898,no
14911,no
4691,no
25897,no
3879,no
28075,no
40772,no
39887,yes
13638,no
2442,no
30459,yes
30275,no
42069,yes
2617,yes
40535,no
19600,yes
33006,no
4429,no
16309,no
35614,no
9698,no
27964,no
12644,no
35160,yes
25324,no
22670,no
39991,no
24060,no
14167,no
28232,no
36480,no
36518,yes
12690,no
5161,yes
30466,no
32426,no
9938,no
33266,no
10284,yes
41828,no
35539,no
888,no
13163,yes
32006,no
17192,no
3982,yes
13586,no
36201,no
40903,no
33047,no
19569,no
31638,no
3662,no
15192,no
39098,no
24550,no
32032,no
5519,yes
19975,no
7572,no
18007,no
14935,no
25725,yes
26510,yes
2523,yes
34440,no
40902,no
37218,yes
22853,no
32751,no
3038,no
15349,yes
15614,yes
41044,no
40509,yes
39832,no
17821,no
12490,no
29509,no
33223,no
10625,no
24343,no
28163,no
24605,yes
6448,no
14243,no
28288,no
42080,no
22403,yes
26930,yes
793,no
9272,no
11507,no
36824,no
25028,no
28178,no
3513,no
40069,no
24296,no
38321,no
4903,no
23870,no
3844,no
41419,no
13140,no
9536,no
2900,no
7027,no
22507,no
6618,no
1985,yes
31897,no
39733,no
21448,yes
37734,yes
23386,no
26867,no
37608,no
16049,no
15051,no
5147,yes
14766,no
34572,no
5560,yes
15510,no
31837,yes
1048,no
12004,yes
32707,no
28293,no
3282,no
26491,no
17354,no
33673,yes
23478,no
5405,no
11620,no
32311,yes
21216,no
19914,no
9703,no
19861,no
16997,no
19466,no
2500,no
22037,no
18952,yes
37573,no
20369,no
9125,no
3622,no
19529,yes
27706,yes
9810,no
11530,no
14763,no
35198,no
19088,no
18726,no
4640,no
17270,no
29043,no
39256,no
34915,no
38959,no
22290,no
4966,no
23030,yes
13332,no
37268,no
41585,no
35155,no
24433,no
29364,yes
6450,yes
11432,no
11351,no
5310,no
14986,no
42182,no
33726,yes
4110,no
32351,no
1859,no
38974,no
15946,no
31065,yes
8150,no
21301,no
3313,no
33008,no
23167,no
12712,no
40584,no
35209,no
38008,no
37501,yes
177,no
10249,no
4621,no
26063,no
10301,no
35590,no
22240,no
19167,no
11525,no
25580,no
24337,no
3830,yes
41744,yes
1629,no
32354,yes
39972,no
24824,no
1599,yes
37022,no
449,no
24375,no
14204,no
21812,no
2159,yes
17750,no
41610,no
6081,no
27330,no
11007,no
37321,no
1206,no
9336,yes
42459,no
41838,no
1187,no
15574,no
25092,no
4725,no
2117,no
8350,no
8562,no
29354,no
34387,no
13772,yes
19670,yes
39205,no
19702,no
4786,no
27223,no
36113,yes
29712,no
30483,no
27201,no
12727,no
25854,no
40162,yes
30051,no
32057,yes
33194,no
15479,no
10907,yes
3174,no
11041,no
28417,no
25140,yes
23644,no
8848,no
7273,no
22885,yes
27594,no
17859,no
35172,no
8075,no
1614,no
6147,no
37214,no
32701,no
14174,no
38842,no
38347,no
1247,no
20244,no
41030,no
18490,no
19114,no
29064,no
20554,no
4705,no
19267,no
37543,no
24832,no
23051,yes
4765,no
41222,no
5810,no
40644,no
11488,no
9982,no
38769,no
21078,yes
3190,no
31988,no
8962,no
34352,yes
24960,yes
21838,no
16734,no
29208,no
39355,no
36620,no
24933,no
19108,no
21344,no
14120,yes
25372,no
8891,no
18995,no
25628,no
22067,no
25098,yes
7281,yes
1966,no
8902,no
9279,no
21153,yes
19827,yes
30649,yes
7240,yes
2343,no
41884,yes
24775,yes
11829,no
40701,no
1983,no
29888,no
15869,no
16492,no
25596,no
4035,no
29370,no
15401,no
10518,no
41602,no
13585,no
30485,yes
32989,no
18264,no
19041,no
31320,yes
14688,yes
3897,no
17817,no
39043,yes
8305,no
28814,no
32190,no
35544,no
25890,no
32336,no
6018,no
33043,yes
1088,no
21517,yes
16353,yes
4580,no
39912,no
10131,no
36250,no
34577,no
29407,no
7188,no
19645,no
23134,yes
34244,no
14516,no
31179,no
17831,no
16683,no
22296,no
30633,no
13826,yes
42083,no
34374,no
36981,no
34711,no
18171,no
2427,yes
25469,no
41599,no
15449,no
32385,no
33678,yes
24180,no
597,no
18226,yes
8742,no
27757,no
18250,no
29834,no
19013,no
6383,no
4756,yes
20630,no
5046,no
10903,no
5347,no
22238,yes
34208,no
7546,yes
34778,no
41877,no
21925,no
16052,no
8202,no
19881,no
26515,no
40718,no
20839,no
8136,yes
21123,no
20014,no
14221,yes
21529,no
34831,no
40970,no
28927,yes
51,no
5768,no
3097,no
28756,no
40031,no
40050,no
9016,no
11714,no
36404,no
33071,yes
29103,no
31339,no
37197,yes
6716,no
27585,no
23730,no
39845,no
7351,no
39817,no
3156,yes
36555,no
3322,no
17090,yes
10818,yes
6619,no
42010,no
15170,no
35114,no
22722,yes
27205,yes
36491,no
17569,no
22402,yes
14072,no
23227,no
24883,yes
489,no
40061,no
31629,no
21131,yes
24360,no
22787,no
41755,no
18416,no
31431,no
34873,no
5800,no
22653,no
28267,no
565,no
23140,yes
40039,no
38671,no
12427,yes
10229,no
23424,no
17845,no
34094,no
13611,no
38737,no
21757,no
13172,no
30641,yes
14465,no
34622,no
11994,no
40780,no
10982,no
22682,yes
7871,yes
26871,no
30252,yes
7821,yes
27691,no
11261,yes
10195,yes
23202,yes
23017,yes
40491,no
34664,no
28383,yes
34639,no
21620,no
8092,no
35619,no
8550,yes
26047,no
9985,no
4034,no
13555,no
5356,no
41527,no
1493,no
9752,no
23918,no
2822,no
29615,no
18515,no
27283,no
2243,yes
12149,no
17097,no
37953,yes
36945,no
5683,no
42467,no
18978,no
21571,no
12447,no
3290,yes
37093,yes
14820,yes
39473,no
15034,yes
17257,no
27088,no
12517,yes
7391,no
25715,no
20879,yes
38773,yes
25474,no
7146,no
40773,no
2551,no
35056,no
24019,no
32270,no
13982,no
338,no
10376,no
29989,yes
32175,yes
7975,no
35103,no
29710,no
31500,no
5912,no
11997,no
9048,no
16316,no
34763,yes
29099,no
9622,yes
10190,no
36072,no
17871,no
39070,no
17956,yes
28018,no
36915,no
29137,no
35871,yes
1327,yes
5740,no
27353,no
14442,no
40567,no
14294,no
5822,no
13968,no
1321,no
37129,no
8622,no
42225,no
1502,yes
7085,no
22266,no
30334,no
21775,no
31598,no
31655,no
135,yes
20376,no
41641,no
38532,no
24421,no
40078,no
24478,no
18899,yes
22724,no
13205,no
8005,no
2805,no
41203,no
840,no
9212,yes
24785,no
29378,no
15180,yes
41445,yes
16686,yes
16232,no
27005,no
29623,yes
6872,no
36740,no
36633,no
1910,no
38889,yes
38071,no
26082,no
4054,no
20647,no
4821,yes
39139,no
17822,no
41242,no
25969,no
384,yes
18917,yes
21655,no
37440,no
8112,yes
31716,yes
41425,no
40452,no
7933,no
17026,no
16846,no
17029,no
34945,no
10981,no
23348,yes
3429,no
3116,no
8800,no
36486,no
8311,no
19969,no
27311,yes
32295,no
4925,no
14997,yes
11764,no
2700,no
8194,no
16821,no
12290,no
14103,no
11102,no
21759,yes
31419,no
39590,no
1012,yes
2489,no
16819,no
36741,yes
3127,no
23390,no
38986,no
32237,no
35285,yes
21310,no
30528,no
17012,yes
21218,yes
7684,no
27847,no
6865,yes
37884,no
19934,no
35446,no
20217,no
35594,yes
20930,no
40466,yes
40443,no
119,no
39383,yes
42280,yes
17971,no
38944,no
16483,no
37945,no
38599,no
6180,no
9347,no
16701,no
30076,no
19626,no
26630,yes
28535,no
22900,no
28003,no
28664,no
32194,no
4109,no
35051,no
39322,yes
36791,no
9448,no
41996,no
1375,yes
19880,no
6616,no
22328,no
24845,yes
35895,yes
13565,yes
2596,no
10714,no
35737,no
16553,no
295,no
19145,no
31653,no
35923,no
1615,no
3397,no
21922,no
15386,no
35061,no
24597,no
17808,no
5971,no
4315,yes
21562,no
17659,no
36651,no
8020,yes
26539,no
6461,no
10997,yes
15992,no
14382,no
5028,no
6678,no
8793,no
23091,yes
34723,yes
23335,no
7479,yes
26769,no
31758,no
34117,yes
16426,no
42281,no
16484,yes
27676,no
6243,no
6395,no
3473,no
16248,no
15355,no
25808,no
40041,no
20123,no
10987,no
25954,no
23111,no
20873,no
2018,no
38517,no
41071,no
1770,no
19871,no
139,yes
10107,no
32662,no
14705,no
12945,yes
17904,no
2137,no
41854,no
3867,yes
9551,no
5493,no
24006,no
2232,no
34764,yes
39186,no
16367,no
10280,no
25198,yes
24604,no
23085,no
3625,yes
18021,no
1533,no
39027,no
17406,no
29332,no
15271,no
18766,yes
33616,yes
27332,yes
5686,no
27539,no
28760,no
13233,no
11819,yes
19806,yes
40224,no
29202,no
33458,no
5188,yes
11557,no
26298,no
23024,no
23580,no
14493,yes
8044,yes
18304,no
34212,no
25433,no
19020,no
4655,yes
39164,no
9422,no
36058,no
40393,yes
19635,no
40089,yes
34814,no
23318,no
19619,no
39698,no
17778,no
27987,no
27922,no
32881,no
19795,no
2084,no
29442,no
5534,no
2526,no
27800,no
25432,yes
12724,yes
40602,no
11889,no
1335,yes
8705,no
14666,no
34226,no
33009,yes
28140,yes
33371,no
31126,no
33584,no
12933,yes
29280,no
29414,yes
15177,yes
180,no
18141,no
11840,yes
12780,no
33940,no
577,yes
26069,no
2880,no
38655,yes
21139,yes
40699,no
9978,yes
2505,no
4526,no
11072,no
17722,no
36628,no
20723,yes
24771,no
30746,no
32458,no
32762,no
28751,yes
10434,yes
22690,no
33915,no
10007,no
32753,no
27816,no
17762,no
28721,no
21905,yes
21735,no
8169,yes
35529,yes
39582,no
28795,yes
22860,no
18346,no
19026,no
12646,yes
16666,yes
19989,no
11510,no
3241,no
8886,no
29672,no
14709,no
527,no
21961,no
40969,no
29314,no
34993,no
10100,no
30733,no
1519,no
12740,yes
32904,no
21950,yes
5348,no
1082,no
32187,no
33781,no
38550,no
22528,no
23186,no
8226,no
20413,no
35480,no
16332,no
41339,no
9815,yes
20687,no
29185,no
23183,yes
30498,no
16825,no
20219,no
4092,no
14934,yes
14915,no
20792,no
35298,no
29187,no
33894,no
40408,no
3005,no
23619,no
13144,no
28400,no
23248,yes
19456,no
36208,no
11125,no
23888,no
14409,no
10978,yes
18123,yes
29650,no
24874,no
18120,no
41795,no
14305,no
25502,no
34166,yes
42305,yes
29197,no
20504,no
33813,yes
27155,no
31384,no
13487,no
6367,yes
21545,no
23558,yes
15496,no
20164,yes
30073,no
26982,no
40189,no
31338,no
30639,no
12722,no
42422,no
29715,no
11798,no
31230,no
17320,no
15088,no
38776,no
25224,no
26114,yes
40864,no
11810,no
1368,no
7620,no
4952,no
27510,no
16744,no
8587,no
15609,yes
33832,yes
17276,no
21000,no
26927,no
42037,no
2806,no
20702,no
9392,no
16439,no
8270,no
16406,no
12999,no
40728,no
31225,no
10604,no
28553,yes
9153,no
18298,yes
41878,no
7957,yes
34896,yes
12246,yes
5665,no
41442,yes
39745,no
7662,no
26423,no
16729,no
11285,no
28031,no
6017,no
1786,yes
26616,no
12761,no
12997,no
3823,no
30769,no
35566,no
23400,no
18682,no
10123,no
32944,no
4887,no
36263,no
7445,no
13047,no
12440,no
5281,yes
22990,no
38729,no
3841,no
14919,no
12370,no
25630,no
14630,no
30117,no
4711,no
15737,no
18620,no
27812,no
12005,no
39555,no
7763,yes
3182,no
38383,no
7866,no
12352,no
34720,yes
19909,no
8598,no
34963,no
2278,no
6163,no
1218,yes
635,no
6833,yes
40045,no
17222,yes
34922,no
39375,no
25901,no
31498,no
35847,no
33719,no
32180,yes
370,no
12977,no
12969,yes
32087,no
16085,no
19817,no
27755,no
35193,yes
17340,no
23477,no
23864,yes
5692,no
30105,no
5358,yes
37069,no
36383,no
38872,no
34017,no
29816,no
5860,no
18163,yes
8888,yes
26785,no
2287,no
13050,no
19391,no
41551,yes
29996,no
29089,yes
1383,yes
12602,no
30614,no
25014,no
14347,yes
6255,no
2411,no
36013,no
17062,no
30216,no
16249,no
21074,no
14482,no
35318,no
35924,no
14249,no
38286,no
23965,no
18378,no
26130,yes
34034,no
20287,no
6385,no
39777,no
10080,no
26626,no
6005,yes
2553,no
40529,no
22250,no
15720,yes
25095,no
5637,no
33474,no
20793,no
31424,yes
36909,no
25349,yes
42456,yes
18235,yes
39635,yes
41296,no
6907,no
39429,yes
29584,no
24536,no
10208,no
40174,no
19701,no
23562,no
7728,no
16023,no
36229,no
24323,no
15784,yes
21262,no
246,no
30261,no
36429,yes
18155,no
27973,no
29573,no
1453,no
35955,no
17306,no
25016,no
29004,no
31381,yes
20788,no
22976,no
16047,no
28315,no
9338,no
17666,no
10645,no
13844,no
29450,no
32828,no
31098,no
6983,yes
17873,no
9451,no
35028,no
40731,no
5753,yes
35964,no
25285,no
20231,no
33485,no
659,no
25280,no
25786,no
14677,no
1991,no
18042,no
34500,no
14669,no
39175,no
23417,yes
12341,no
19551,no
32501,no
30652,no
5632,no
3235,no
16104,no
5522,no
37719,no
34672,no
35280,no
34169,no
39371,no
21833,no
41413,yes
29664,no
17654,yes
36120,no
41365,no
29588,yes
536,yes
23026,yes
4663,no
22180,no
38899,no
5251,no
16166,yes
2783,no
26399,no
12723,no
27636,no
5543,no
27759,no
9886,no
8396,yes
42419,no
35609,no
35382,yes
24434,no
27682,no
11279,yes
9130,no
33666,no
9629,yes
39518,yes
22389,no
35216,no
4540,no
21388,no
16957,no
39424,no
26637,no
5354,no
12374,no
35451,yes
10316,yes
36588,no
4095,yes
1228,no
24568,no
9334,yes
757,no
11414,yes
40462,no
4457,no
33823,no
10273,no
18472,yes
22518,yes
21765,yes
3393,no
13540,no
12544,no
26697,no
20163,no
3688,no
19523,no
17799,no
16674,yes
2358,no
29118,no
28282,no
15457,no
1007,no
11454,yes
42315,no
34750,no
